dataset,endpoint,method,scope,n_runs,n_mean,mean_mae,std_mae,mean_rmse,mean_bias
BindingDB_Articles_202608,EC50,deming_bias_fallback,all,5,122.0,0.45288732905276063,0.061238423604040824,0.7762548795191397,0.00012473005145777221
BindingDB_Articles_202608,EC50,deming_bias_fallback,both_assays_seen,5,82.0,0.5168937599764474,0.09005675919746636,0.8382854536448419,0.00017472416464526307
BindingDB_Articles_202608,EC50,deming_bias_fallback,cold_assay_pair,5,106.0,0.48821190398719405,0.0733185688902322,0.8202677608896669,0.0
BindingDB_Articles_202608,EC50,deming_bias_fallback,cold_dst_assay,5,28.0,0.3432035596680084,0.20733274166642862,0.6223727851106797,0.005197174153958727
BindingDB_Articles_202608,EC50,deming_bias_fallback,seen_assay_pair,5,16.0,0.2251969977133171,0.14195547535855715,0.34588961343234503,0.0009370599419370625
BindingDB_Articles_202608,EC50,deming_bias_fallback,single_chain_target,5,122.0,0.45288732905276063,0.061238423604040824,0.7762548795191397,0.00012473005145777221
BindingDB_Articles_202608,EC50,external_somol_gauge,all,5,122.0,0.3838479228601258,0.09123317108231731,0.5931017372402222,-1.5480200351253512e-17
BindingDB_Articles_202608,EC50,external_somol_gauge,both_assays_seen,5,82.0,0.3881336637701288,0.10350848048682929,0.5595655525005999,-2.6289365034146105e-17
BindingDB_Articles_202608,EC50,external_somol_gauge,cold_assay_pair,5,106.0,0.4064888304246736,0.08616005740208141,0.6190751686268048,-1.7734273895440863e-17
BindingDB_Articles_202608,EC50,external_somol_gauge,cold_dst_assay,5,28.0,0.37043020977870894,0.1928595707448237,0.6469625000046957,0.05537154406379515
BindingDB_Articles_202608,EC50,external_somol_gauge,seen_assay_pair,5,16.0,0.22616968201364948,0.14017267711212233,0.3438251157709988,0.0
BindingDB_Articles_202608,EC50,external_somol_gauge,single_chain_target,5,122.0,0.3838479228601258,0.09123317108231731,0.5931017372402222,-1.5480200351253512e-17
BindingDB_Articles_202608,EC50,external_somol_guarded_stack,all,5,122.0,0.41156628933794853,0.08279209994760005,0.6498642161212025,-1.0545875797363929e-17
BindingDB_Articles_202608,EC50,external_somol_guarded_stack,both_assays_seen,5,82.0,0.4438518277125798,0.08389073376095237,0.6696315423417304,-1.7694090004790057e-17
BindingDB_Articles_202608,EC50,external_somol_guarded_stack,cold_assay_pair,5,106.0,0.4400203467114664,0.08248272809326677,0.6831695370745877,-1.3697099260440295e-17
BindingDB_Articles_202608,EC50,external_somol_guarded_stack,cold_dst_assay,5,28.0,0.364028229433888,0.19185371449769448,0.644393956423035,0.050229153648113554
BindingDB_Articles_202608,EC50,external_somol_guarded_stack,seen_assay_pair,5,16.0,0.22831018933200364,0.1397164492889105,0.3453640236715043,8.881784197001253e-18
BindingDB_Articles_202608,EC50,external_somol_guarded_stack,single_chain_target,5,122.0,0.41156628933794853,0.08279209994760005,0.6498642161212025,-1.0545875797363929e-17
BindingDB_Articles_202608,EC50,identity_bias,all,5,122.0,0.4543698114189644,0.061944602366927275,0.7759723932385495,0.0
BindingDB_Articles_202608,EC50,identity_bias,both_assays_seen,5,82.0,0.5187120558303491,0.08856365927202328,0.8379224124793028,0.0
BindingDB_Articles_202608,EC50,identity_bias,cold_assay_pair,5,106.0,0.48821190398719405,0.0733185688902322,0.8202677608896669,0.0
BindingDB_Articles_202608,EC50,identity_bias,cold_dst_assay,5,28.0,0.3432035596680084,0.20733274166642862,0.6223727851106797,0.005197174153958727
BindingDB_Articles_202608,EC50,identity_bias,seen_assay_pair,5,16.0,0.23968445616083472,0.1546398328247652,0.3447750457602249,0.0
BindingDB_Articles_202608,EC50,identity_bias,single_chain_target,5,122.0,0.4543698114189644,0.061944602366927275,0.7759723932385495,0.0
BindingDB_Articles_202608,EC50,pair_mean_bias_fallback,all,5,122.0,0.4530166207485859,0.06085700119659797,0.7762110825405597,0.0
BindingDB_Articles_202608,EC50,pair_mean_bias_fallback,both_assays_seen,5,82.0,0.5170968971697165,0.08917526903961545,0.8382396033515368,0.0
BindingDB_Articles_202608,EC50,pair_mean_bias_fallback,cold_assay_pair,5,106.0,0.48821190398719405,0.0733185688902322,0.8202677608896669,0.0
BindingDB_Articles_202608,EC50,pair_mean_bias_fallback,cold_dst_assay,5,28.0,0.3432035596680084,0.20733274166642862,0.6223727851106797,0.005197174153958727
BindingDB_Articles_202608,EC50,pair_mean_bias_fallback,seen_assay_pair,5,16.0,0.22707947753950397,0.1409555290110053,0.34527956555910844,0.0
BindingDB_Articles_202608,EC50,pair_mean_bias_fallback,single_chain_target,5,122.0,0.4530166207485859,0.06085700119659797,0.7762110825405597,0.0
BindingDB_Articles_202608,EC50,robust_trimmed_bias_fallback,all,5,122.0,0.4534674450553305,0.060158622914806614,0.7763166686778054,0.0
BindingDB_Articles_202608,EC50,robust_trimmed_bias_fallback,both_assays_seen,5,82.0,0.5177005046495016,0.08848891780915727,0.8384218432383246,0.0
BindingDB_Articles_202608,EC50,robust_trimmed_bias_fallback,cold_assay_pair,5,106.0,0.48821190398719405,0.0733185688902322,0.8202677608896669,0.0
BindingDB_Articles_202608,EC50,robust_trimmed_bias_fallback,cold_dst_assay,5,28.0,0.3432035596680084,0.20733274166642862,0.6223727851106797,0.005197174153958727
BindingDB_Articles_202608,EC50,robust_trimmed_bias_fallback,seen_assay_pair,5,16.0,0.23129704490860278,0.1441958687142907,0.3458992063854463,0.0
BindingDB_Articles_202608,EC50,robust_trimmed_bias_fallback,single_chain_target,5,122.0,0.4534674450553305,0.060158622914806614,0.7763166686778054,0.0
BindingDB_Articles_202608,IC50,deming_bias_fallback,all,5,3158.0,0.34495114078196687,0.06786459844763297,0.6913744172815937,0.0022137699379378944
BindingDB_Articles_202608,IC50,deming_bias_fallback,both_assays_seen,5,2674.4,0.31539502493500954,0.07488402286751242,0.6609224012224768,0.002661899395453428
BindingDB_Articles_202608,IC50,deming_bias_fallback,cold_assay_pair,5,1480.8,0.5545416166720307,0.10123528806152433,0.9024617636269088,-4.3182108547428836e-19
BindingDB_Articles_202608,IC50,deming_bias_fallback,cold_dst_assay,5,320.2,0.49272907163448976,0.06210370666009499,0.8147760022082398,0.004791387225795118
BindingDB_Articles_202608,IC50,deming_bias_fallback,seen_assay_pair,5,1677.2,0.15471912649875016,0.00997725186093865,0.418476875771589,0.004426330639606565
BindingDB_Articles_202608,IC50,deming_bias_fallback,single_chain_target,5,2927.6,0.3244282043215133,0.05492900252780684,0.6746204690247453,0.0027123285998178356
BindingDB_Articles_202608,IC50,external_somol_gauge,all,5,3158.0,0.3232419711913767,0.043439891441547904,0.6097603682908102,-2.3241018384075932e-18
BindingDB_Articles_202608,IC50,external_somol_gauge,both_assays_seen,5,2674.4,0.28350171737789964,0.05098957640212216,0.5577927239321199,-1.2660830557350796e-18
BindingDB_Articles_202608,IC50,external_somol_gauge,cold_assay_pair,5,1480.8,0.5356556010782619,0.06267992078584847,0.8281511172016824,1.2620517936333127e-18
BindingDB_Articles_202608,IC50,external_somol_gauge,cold_dst_assay,5,320.2,0.5165629959962056,0.06621520461329035,0.8124911451154766,0.002798540855872958
BindingDB_Articles_202608,IC50,external_somol_gauge,seen_assay_pair,5,1677.2,0.13419086664725927,0.01146441939938689,0.30530737796637186,-6.9303803442056234e-18
BindingDB_Articles_202608,IC50,external_somol_gauge,single_chain_target,5,2927.6,0.3065065521001844,0.03429689576887841,0.59465433051705,-9.995923055467356e-19
BindingDB_Articles_202608,IC50,external_somol_guarded_stack,all,5,3158.0,0.32570574806853936,0.041785620267796274,0.6263308412818306,4.909828124947562e-18
BindingDB_Articles_202608,IC50,external_somol_guarded_stack,both_assays_seen,5,2674.4,0.28844213661184065,0.05003041174294978,0.5785043041759406,7.433910236649187e-18
BindingDB_Articles_202608,IC50,external_somol_guarded_stack,cold_assay_pair,5,1480.8,0.5432344811792084,0.05255457394680968,0.8544822961108925,1.5801672734686012e-18
BindingDB_Articles_202608,IC50,external_somol_guarded_stack,cold_dst_assay,5,320.2,0.5086453673281417,0.07326644965043252,0.8144924615588532,0.0043065035862986795
BindingDB_Articles_202608,IC50,external_somol_guarded_stack,seen_assay_pair,5,1677.2,0.13185957755263567,0.009620442854405283,0.30413857538832656,6.242229503832022e-18
BindingDB_Articles_202608,IC50,external_somol_guarded_stack,single_chain_target,5,2927.6,0.3071319363252144,0.032417714943843635,0.6082316759246598,6.250920012261848e-18
BindingDB_Articles_202608,IC50,identity_bias,all,5,3158.0,0.34412199386341374,0.06518102874963518,0.6813158395530702,1.2095897533874193e-18
BindingDB_Articles_202608,IC50,identity_bias,both_assays_seen,5,2674.4,0.3143710673870857,0.0720704817989856,0.6483353590609701,-3.2696303423594124e-19
BindingDB_Articles_202608,IC50,identity_bias,cold_assay_pair,5,1480.8,0.5545416166720307,0.10123528806152433,0.9024617636269088,-4.3182108547428836e-19
BindingDB_Articles_202608,IC50,identity_bias,cold_dst_assay,5,320.2,0.49272907163448976,0.06210370666009499,0.8147760022082398,0.004791387225795118
BindingDB_Articles_202608,IC50,identity_bias,seen_assay_pair,5,1677.2,0.15280053760880905,0.013754135324903249,0.381001512231873,0.0
BindingDB_Articles_202608,IC50,identity_bias,single_chain_target,5,2927.6,0.3231747200100648,0.05232054572392957,0.6620061093282452,1.1196966593864494e-18
BindingDB_Articles_202608,IC50,pair_mean_bias_fallback,all,5,3158.0,0.3330948546579017,0.06499359408075103,0.6604789902003457,-6.0257911714852326e-18
BindingDB_Articles_202608,IC50,pair_mean_bias_fallback,both_assays_seen,5,2674.4,0.30134146977828336,0.07178755842109986,0.6219496984344772,-7.602024586531725e-18
BindingDB_Articles_202608,IC50,pair_mean_bias_fallback,cold_assay_pair,5,1480.8,0.5545416166720307,0.10123528806152433,0.9024617636269088,-4.3182108547428836e-19
BindingDB_Articles_202608,IC50,pair_mean_bias_fallback,cold_dst_assay,5,320.2,0.49272907163448976,0.06210370666009499,0.8147760022082398,0.004791387225795118
BindingDB_Articles_202608,IC50,pair_mean_bias_fallback,seen_assay_pair,5,1677.2,0.13193877479986554,0.011709799903438439,0.3046376388437522,-1.1404874373975743e-17
BindingDB_Articles_202608,IC50,pair_mean_bias_fallback,single_chain_target,5,2927.6,0.3114743915393535,0.05080157343679115,0.6400003676631988,-5.5353600973777406e-18
BindingDB_Articles_202608,IC50,robust_trimmed_bias_fallback,all,5,3158.0,0.33060411549716023,0.06486484248288388,0.6595433392634024,2.061547880254976e-18
BindingDB_Articles_202608,IC50,robust_trimmed_bias_fallback,both_assays_seen,5,2674.4,0.2984000974114901,0.07167094636300728,0.6207304273595567,2.9317710584646275e-18
BindingDB_Articles_202608,IC50,robust_trimmed_bias_fallback,cold_assay_pair,5,1480.8,0.5545416166720307,0.10123528806152433,0.9024617636269088,-4.3182108547428836e-19
BindingDB_Articles_202608,IC50,robust_trimmed_bias_fallback,cold_dst_assay,5,320.2,0.49272907163448976,0.06210370666009499,0.8147760022082398,0.004791387225795118
BindingDB_Articles_202608,IC50,robust_trimmed_bias_fallback,seen_assay_pair,5,1677.2,0.12722125434662004,0.012386815229831377,0.30086128617699065,4.6337428644905114e-18
BindingDB_Articles_202608,IC50,robust_trimmed_bias_fallback,single_chain_target,5,2927.6,0.30877823986206454,0.05055604694785237,0.6389669712687829,2.0522088104003675e-18
BindingDB_Articles_202608,KD,deming_bias_fallback,all,5,58.4,0.35653745524136826,0.13503542334484187,0.6696188137145139,-0.01779827379746065
BindingDB_Articles_202608,KD,deming_bias_fallback,both_assays_seen,5,41.2,0.2517265197058508,0.06172101650588719,0.6040449288503255,-0.037005162720815325
BindingDB_Articles_202608,KD,deming_bias_fallback,cold_assay_pair,5,28.0,0.48097740067873473,0.17579312663298555,0.715923186343233,0.0
BindingDB_Articles_202608,KD,deming_bias_fallback,cold_dst_assay,5,14.8,0.5362461655570725,0.2209885971396051,0.791904209275398,0.05216640044520025
BindingDB_Articles_202608,KD,deming_bias_fallback,seen_assay_pair,5,30.4,0.24350529944736823,0.09201031026881966,0.6212448069701176,-0.05636947849354153
BindingDB_Articles_202608,KD,deming_bias_fallback,single_chain_target,5,58.4,0.35653745524136826,0.13503542334484187,0.6696188137145139,-0.01779827379746065
BindingDB_Articles_202608,KD,external_somol_gauge,all,5,58.4,0.3446481513456,0.11111217697366477,0.607794295810223,-4.8399332979447e-18
BindingDB_Articles_202608,KD,external_somol_gauge,both_assays_seen,5,41.2,0.2032544873913377,0.01837374464630567,0.39423036952951485,2.3267583146386615e-17
BindingDB_Articles_202608,KD,external_somol_gauge,cold_assay_pair,5,28.0,0.5747093260070407,0.11619874780371953,0.8257228062920676,1.124034411534369e-17
BindingDB_Articles_202608,KD,external_somol_gauge,cold_dst_assay,5,14.8,0.5523818736958118,0.257177602453421,0.8099094942913336,0.11538624401200952
BindingDB_Articles_202608,KD,external_somol_gauge,seen_assay_pair,5,30.4,0.13211033654680288,0.0350035138142688,0.2952041773539209,-3.864011507273829e-18
BindingDB_Articles_202608,KD,external_somol_gauge,single_chain_target,5,58.4,0.3446481513456,0.11111217697366477,0.607794295810223,-4.8399332979447e-18
BindingDB_Articles_202608,KD,external_somol_guarded_stack,all,5,58.4,0.3326207752837571,0.09305024113951721,0.5791608555298076,1.3745618400120986e-17
BindingDB_Articles_202608,KD,external_somol_guarded_stack,both_assays_seen,5,41.2,0.20795143041727795,0.04502359950466156,0.40277899502715825,1.74944234183358e-17
BindingDB_Articles_202608,KD,external_somol_guarded_stack,cold_assay_pair,5,28.0,0.541683673478223,0.07822710282224891,0.7805734330291516,3.835315903250541e-17
BindingDB_Articles_202608,KD,external_somol_guarded_stack,cold_dst_assay,5,14.8,0.5281403006928207,0.22342395253231362,0.7750709980000561,0.029121495589882584
BindingDB_Articles_202608,KD,external_somol_guarded_stack,seen_assay_pair,5,30.4,0.1578920320308542,0.04849880836102302,0.33153592687122835,-1.6326809185664071e-19
BindingDB_Articles_202608,KD,external_somol_guarded_stack,single_chain_target,5,58.4,0.3326207752837571,0.09305024113951721,0.5791608555298076,1.3745618400120986e-17
BindingDB_Articles_202608,KD,identity_bias,all,5,58.4,0.34531615115076286,0.12351455466877181,0.5989311598902173,0.0
BindingDB_Articles_202608,KD,identity_bias,both_assays_seen,5,41.2,0.2310255214792873,0.044802332739368,0.45990617316963806,0.0
BindingDB_Articles_202608,KD,identity_bias,cold_assay_pair,5,28.0,0.48097740067873473,0.17579312663298555,0.715923186343233,0.0
BindingDB_Articles_202608,KD,identity_bias,cold_dst_assay,5,14.8,0.5362461655570725,0.2209885971396051,0.791904209275398,0.05216640044520025
BindingDB_Articles_202608,KD,identity_bias,seen_assay_pair,5,30.4,0.21134198740121252,0.03811881113959353,0.4466649340603165,0.0
BindingDB_Articles_202608,KD,identity_bias,single_chain_target,5,58.4,0.34531615115076286,0.12351455466877181,0.5989311598902173,0.0
BindingDB_Articles_202608,KD,pair_mean_bias_fallback,all,5,58.4,0.30781110857402605,0.11273001974568185,0.5519584783612316,5.022437492351898e-18
BindingDB_Articles_202608,KD,pair_mean_bias_fallback,both_assays_seen,5,41.2,0.1748049024887249,0.03453107462021431,0.35762363223356874,8.522924229445646e-18
BindingDB_Articles_202608,KD,pair_mean_bias_fallback,cold_assay_pair,5,28.0,0.48097740067873473,0.17579312663298555,0.715923186343233,0.0
BindingDB_Articles_202608,KD,pair_mean_bias_fallback,cold_dst_assay,5,14.8,0.5362461655570725,0.2209885971396051,0.791904209275398,0.05216640044520025
BindingDB_Articles_202608,KD,pair_mean_bias_fallback,seen_assay_pair,5,30.4,0.132208990317491,0.03531584144408381,0.2962097072651314,1.0612425970681644e-17
BindingDB_Articles_202608,KD,pair_mean_bias_fallback,single_chain_target,5,58.4,0.30781110857402605,0.11273001974568185,0.5519584783612316,5.022437492351898e-18
BindingDB_Articles_202608,KD,robust_trimmed_bias_fallback,all,5,58.4,0.30635148430699377,0.11285312062038491,0.551987539648638,3.1720657846433043e-18
BindingDB_Articles_202608,KD,robust_trimmed_bias_fallback,both_assays_seen,5,41.2,0.17276261666884296,0.03459271499631141,0.3576903190472156,6.0557619525008536e-18
BindingDB_Articles_202608,KD,robust_trimmed_bias_fallback,cold_assay_pair,5,28.0,0.48097740067873473,0.17579312663298555,0.715923186343233,0.0
BindingDB_Articles_202608,KD,robust_trimmed_bias_fallback,cold_dst_assay,5,14.8,0.5362461655570725,0.2209885971396051,0.791904209275398,0.05216640044520025
BindingDB_Articles_202608,KD,robust_trimmed_bias_fallback,seen_assay_pair,5,30.4,0.12956274138916374,0.03581051038975653,0.2963264378378955,7.836868409118752e-18
BindingDB_Articles_202608,KD,robust_trimmed_bias_fallback,single_chain_target,5,58.4,0.30635148430699377,0.11285312062038491,0.551987539648638,3.1720657846433043e-18
BindingDB_Articles_202608,KI,deming_bias_fallback,all,5,1013.2,0.42485664118484434,0.14342242102266786,0.7709981581817631,-0.010845663005684422
BindingDB_Articles_202608,KI,deming_bias_fallback,both_assays_seen,5,948.0,0.4292878671821219,0.14885360565985642,0.7813514360566125,-0.011191815994623799
BindingDB_Articles_202608,KI,deming_bias_fallback,cold_assay_pair,5,676.6,0.5471032631830158,0.16002806792327184,0.8793975435849163,-0.010432852377333952
BindingDB_Articles_202608,KI,deming_bias_fallback,cold_dst_assay,5,46.0,0.32052277195011636,0.16129835153300254,0.4916336828203689,-0.015512827984823174
BindingDB_Articles_202608,KI,deming_bias_fallback,seen_assay_pair,5,336.6,0.16280148495980643,0.032957620287205384,0.4654689107102188,-0.007645388028194993
BindingDB_Articles_202608,KI,deming_bias_fallback,single_chain_target,5,1011.6,0.42517795886473914,0.14305051047119755,0.771545021525188,-0.010861813583533678
BindingDB_Articles_202608,KI,external_somol_gauge,all,5,1013.2,0.3051238060248259,0.0637996247204418,0.542544642623467,-0.0001069905597376888
BindingDB_Articles_202608,KI,external_somol_gauge,both_assays_seen,5,948.0,0.2999133324351543,0.06826287158662427,0.538965145889148,-0.00011378798496987204
BindingDB_Articles_202608,KI,external_somol_gauge,cold_assay_pair,5,676.6,0.3853435966151679,0.05120665214093967,0.6274741264524926,0.0014173012756084156
BindingDB_Articles_202608,KI,external_somol_gauge,cold_dst_assay,5,46.0,0.3369841475878417,0.14610050299323918,0.48862791979098896,-0.0337786320027687
BindingDB_Articles_202608,KI,external_somol_gauge,seen_assay_pair,5,336.6,0.1499617086303632,0.029438861350832048,0.3342673654524053,-0.0024983494980472185
BindingDB_Articles_202608,KI,external_somol_gauge,single_chain_target,5,1011.6,0.30527488473140574,0.06362885102512808,0.54298248557501,-0.00010699055973768847
BindingDB_Articles_202608,KI,external_somol_guarded_stack,all,5,1013.2,0.356921356834942,0.11213320591034816,0.6492849174814432,-0.0037661460425205
BindingDB_Articles_202608,KI,external_somol_guarded_stack,both_assays_seen,5,948.0,0.3552677744757784,0.11906971250318399,0.6527944297836463,-0.0038588428276396373
BindingDB_Articles_202608,KI,external_somol_guarded_stack,cold_assay_pair,5,676.6,0.46602059993015565,0.12414745399325017,0.7628969908430563,-0.003924545639613213
BindingDB_Articles_202608,KI,external_somol_guarded_stack,cold_dst_assay,5,46.0,0.33434923328344984,0.1476675719091091,0.4900878487063852,-0.023870325848359315
BindingDB_Articles_202608,KI,external_somol_guarded_stack,seen_assay_pair,5,336.6,0.13576658809516487,0.025308498376189172,0.3322213575827302,-0.001839081507106236
BindingDB_Articles_202608,KI,external_somol_guarded_stack,single_chain_target,5,1011.6,0.35707243554152185,0.11194878591833987,0.6497227604329863,-0.003766146042520499
BindingDB_Articles_202608,KI,identity_bias,all,5,1013.2,0.4152065602989989,0.15427619537158221,0.7736942085069352,-0.003087584972710236
BindingDB_Articles_202608,KI,identity_bias,both_assays_seen,5,948.0,0.4190701201227661,0.16125230328988027,0.7840339113130825,-0.003279361060226033
BindingDB_Articles_202608,KI,identity_bias,cold_assay_pair,5,676.6,0.545171492076613,0.15946863752879537,0.8793498522805312,-0.005611768419653095
BindingDB_Articles_202608,KI,identity_bias,cold_dst_assay,5,46.0,0.31942430958659457,0.16160006310091882,0.4916091397054069,-0.010691744027142411
BindingDB_Articles_202608,KI,identity_bias,seen_assay_pair,5,336.6,0.14616186640026174,0.0499574282814023,0.4959580524056329,0.0032209572695621274
BindingDB_Articles_202608,KI,identity_bias,single_chain_target,5,1011.6,0.41550716841750035,0.1539344444434806,0.7742542401200831,-0.003087584972710236
BindingDB_Articles_202608,KI,pair_mean_bias_fallback,all,5,1013.2,0.41420014814266093,0.14964635769695797,0.7435065646461989,-0.007782635841935811
BindingDB_Articles_202608,KI,pair_mean_bias_fallback,both_assays_seen,5,948.0,0.41794157085518596,0.155455590712361,0.7523810531733224,-0.007963022316036955
BindingDB_Articles_202608,KI,pair_mean_bias_fallback,cold_assay_pair,5,676.6,0.5471032631830158,0.16002806792327184,0.8793975435849163,-0.010432852377333952
BindingDB_Articles_202608,KI,pair_mean_bias_fallback,cold_dst_assay,5,46.0,0.32052277195011636,0.16129835153300254,0.4916336828203689,-0.015512827984823174
BindingDB_Articles_202608,KI,pair_mean_bias_fallback,seen_assay_pair,5,336.6,0.13450663553463255,0.02110972642804308,0.3321442407175297,-0.0010250342568655366
BindingDB_Articles_202608,KI,pair_mean_bias_fallback,single_chain_target,5,1011.6,0.4144877148001786,0.14929790843341567,0.7440116272404009,-0.0077836259588100224
BindingDB_Articles_202608,KI,robust_trimmed_bias_fallback,all,5,1013.2,0.4096662273589118,0.15103446475644772,0.7435785046850291,-0.008149339824694712
BindingDB_Articles_202608,KI,robust_trimmed_bias_fallback,both_assays_seen,5,948.0,0.41308299035171536,0.1569950800120688,0.7524484200449999,-0.008354870273375304
BindingDB_Articles_202608,KI,robust_trimmed_bias_fallback,cold_assay_pair,5,676.6,0.5471032631830158,0.16002806792327184,0.8793975435849163,-0.010432852377333952
BindingDB_Articles_202608,KI,robust_trimmed_bias_fallback,cold_dst_assay,5,46.0,0.32052277195011636,0.16129835153300254,0.4916336828203689,-0.015512827984823174
BindingDB_Articles_202608,KI,robust_trimmed_bias_fallback,seen_assay_pair,5,336.6,0.12151592819016548,0.021767168619165726,0.3329862664568659,-0.0018750830426363582
BindingDB_Articles_202608,KI,robust_trimmed_bias_fallback,single_chain_target,5,1011.6,0.40994357205470366,0.150698043562639,0.7440838244437711,-0.00815175672163746
