endpoint,cycle_len,method,min_edge_support_bucket,min_node_degree_bucket,n,mean_abs_closure,std_abs_closure,median_abs_closure,mean_signed_closure
EC50,3,empirical_delta,01_1_4,01_1_9,1566,0.14816919682104496,0.23781243052965187,0.021274072067138494,7.685911226393435e-05
EC50,3,empirical_delta,01_1_4,02_10_99,4100,0.6823211168067449,0.5978554129789636,0.5523731144215861,-1.2997732971221345e-18
EC50,3,empirical_delta,02_5_19,01_1_9,638,0.052663397104795,0.12186516036922111,0.008698265001261203,-8.004742810776991e-18
EC50,3,empirical_delta,02_5_19,02_10_99,100,0.027351679683818703,0.03403332159427866,0.014008410581017107,1.3739009929736312e-17
EC50,3,empirical_delta,03_20_99,01_1_9,284,0.014918994223631406,0.031749911883741315,9.820960044315541e-05,3.740242987522763e-18
EC50,3,empirical_delta,03_20_99,02_10_99,350,0.03590254618943673,0.026731206035058467,0.03177322375106032,-4.0146457586891825e-18
EC50,3,empirical_delta,04_100plus,01_1_9,290,0.0006328492463316043,0.0024588664393285268,8.981193083457129e-06,1.019897767772571e-18
EC50,3,gauge_selector_micro,01_1_4,01_1_9,1566,0.12855825522541128,0.2211364935088811,0.013198997621146525,-0.017047711048001808
EC50,3,gauge_selector_micro,01_1_4,02_10_99,4100,0.3483489903356295,0.3847736507932426,0.23510791489567495,-0.03890583992000731
EC50,3,gauge_selector_micro,02_5_19,01_1_9,638,0.08612555402596897,0.09644751111932243,0.04285382492652426,0.012394790456998235
EC50,3,gauge_selector_micro,02_5_19,02_10_99,100,0.246803847989418,0.1224643080004552,0.24651629678643683,-0.05928419848581759
EC50,3,gauge_selector_micro,03_20_99,01_1_9,284,0.1130725008022508,0.10162011258973512,0.10862098456989161,0.004766999810948211
EC50,3,gauge_selector_micro,03_20_99,02_10_99,350,0.1048314027916723,0.03993117601265653,0.1017547752328112,-0.029344130235431046
EC50,3,gauge_selector_micro,04_100plus,01_1_9,290,0.007923988841185862,0.029132572024873547,0.00034256159369682056,-0.004777317323281679
EC50,3,somol_robust_blend_bucket,01_1_4,01_1_9,1566,0.14326545489360176,0.23253233465385406,0.04520373358640953,-0.015650900526690173
EC50,3,somol_robust_blend_bucket,01_1_4,02_10_99,4100,0.3961436784505546,0.36960644588354374,0.2912191103701248,-0.018190066603698134
EC50,3,somol_robust_blend_bucket,02_5_19,01_1_9,638,0.10260071254842412,0.11240834090165461,0.07433965387665215,0.02647752826091545
EC50,3,somol_robust_blend_bucket,02_5_19,02_10_99,100,0.23298717461436758,0.11970390678827496,0.24282593137546693,0.019722780405319332
EC50,3,somol_robust_blend_bucket,03_20_99,01_1_9,284,0.10484747577307069,0.10064156146805503,0.0972102069118096,-0.0036480279716085617
EC50,3,somol_robust_blend_bucket,03_20_99,02_10_99,350,0.10087239875404261,0.038210671497240674,0.09901945983051638,-0.0099797560722958
EC50,3,somol_robust_blend_bucket,04_100plus,01_1_9,290,0.0036196841221333874,0.020284822363560644,0.0,0.001943734771971486
EC50,4,empirical_delta,01_1_4,01_1_9,2878,0.167508460248456,0.25264486688080723,0.05252011305913472,0.0003438056751190139
EC50,4,empirical_delta,01_1_4,02_10_99,9735,0.7318132004428836,0.6831939119518223,0.5596179036912208,0.015838711519989696
EC50,4,empirical_delta,02_5_19,01_1_9,1515,0.06798942264075737,0.13483309301907723,0.009890203648653895,0.00022830633333621478
EC50,4,empirical_delta,02_5_19,02_10_99,35,0.0405826677500247,0.0394094195134199,0.031142151187495044,0.000998659893456374
EC50,4,empirical_delta,03_20_99,01_1_9,256,0.0227508701699808,0.0437420215465265,0.0016371130236167986,0.0005139522528296512
EC50,4,empirical_delta,03_20_99,02_10_99,252,0.0378397705771999,0.032193529996436994,0.02822867664637315,0.005205948606561431
EC50,4,empirical_delta,04_100plus,01_1_9,329,3.5395533979925776e-05,5.5052004699349654e-05,1.3931892169694038e-05,-1.8705973490661927e-08
EC50,4,gauge_selector_micro,01_1_4,01_1_9,2878,0.1609644297243586,0.247119913528642,0.05423933686261654,-0.017087689198411214
EC50,4,gauge_selector_micro,01_1_4,02_10_99,9735,0.3730569881897337,0.42413432604020734,0.23398430294772252,-0.04905243649016309
EC50,4,gauge_selector_micro,02_5_19,01_1_9,1515,0.1005677421908355,0.10935526631740995,0.04949691441057302,0.019066634405195185
EC50,4,gauge_selector_micro,02_5_19,02_10_99,35,0.29868744876681896,0.10938587679640105,0.2956295159523758,-0.057715755560916716
EC50,4,gauge_selector_micro,03_20_99,01_1_9,256,0.11312466704338639,0.10432563018662455,0.11918755744645795,0.006080511169779424
EC50,4,gauge_selector_micro,03_20_99,02_10_99,252,0.13412023226140618,0.039426442118140316,0.1320666181398278,-0.03233795289163128
EC50,4,gauge_selector_micro,04_100plus,01_1_9,329,0.002486330515833121,0.0034112701138578386,0.0008071763753931815,-0.0005237690759484243
EC50,4,somol_robust_blend_bucket,01_1_4,01_1_9,2878,0.1752886259094636,0.25524586423787293,0.07814936425787042,-0.014617118686491602
EC50,4,somol_robust_blend_bucket,01_1_4,02_10_99,9735,0.42940779957421,0.3960797905096105,0.31277533162380267,-0.015428089879859563
EC50,4,somol_robust_blend_bucket,02_5_19,01_1_9,1515,0.12053396843616901,0.12561803570194074,0.08535653619796675,0.04214785927697802
EC50,4,somol_robust_blend_bucket,02_5_19,02_10_99,35,0.28891274376183784,0.1089261928901524,0.3306122682826724,0.03598736539596631
EC50,4,somol_robust_blend_bucket,03_20_99,01_1_9,256,0.10328325633675779,0.0977816518456133,0.09829759530114945,0.0004207633404713117
EC50,4,somol_robust_blend_bucket,03_20_99,02_10_99,252,0.1271001216871234,0.042742382879090636,0.12499588055079977,-0.006420307873517174
EC50,4,somol_robust_blend_bucket,04_100plus,01_1_9,329,1.0954454699716222e-05,3.30172980715768e-05,0.0,-1.6430837760342426e-06
IC50,3,empirical_delta,01_1_4,01_1_9,7528,0.21828591449629345,0.4182043176511435,0.054889686766108906,-0.002884811941129862
IC50,3,empirical_delta,01_1_4,02_10_99,2263,0.10379291582114078,0.28981787121666014,2.9605947323337506e-16,-0.00956027403310313
IC50,3,empirical_delta,02_5_19,01_1_9,2876,0.07906555849406623,0.1567775600433955,0.014306810588042888,-0.0038214651399554743
IC50,3,empirical_delta,02_5_19,02_10_99,51,0.01776456363809236,0.019119851688785206,0.014012790663658138,0.00386668618307041
IC50,3,empirical_delta,03_20_99,01_1_9,1868,0.018150398510387813,0.05542028537533421,2.6350973986301164e-05,5.776521384414504e-05
IC50,3,empirical_delta,03_20_99,02_10_99,113,0.0010740698898708172,0.004136921393720576,2.9605947323337506e-16,0.000310212775189416
IC50,3,empirical_delta,04_100plus,01_1_9,301,0.0037843107180550108,0.00790784315915956,0.00040345007033633823,0.00036079384913291783
IC50,3,gauge_selector_micro,01_1_4,01_1_9,7528,0.18903861452434667,0.2941431427195861,0.06344192142895239,-0.018355767033886892
IC50,3,gauge_selector_micro,01_1_4,02_10_99,2263,0.06295753418139131,0.16995133037538962,3.138230416273776e-14,-0.006499068502779312
IC50,3,gauge_selector_micro,02_5_19,01_1_9,2876,0.11939323068990387,0.13409364242981742,0.09112225225636372,-0.003879328089230526
IC50,3,gauge_selector_micro,02_5_19,02_10_99,51,0.09527352151868561,0.04538936844132301,0.11018710409774189,-0.007590496934299123
IC50,3,gauge_selector_micro,03_20_99,01_1_9,1868,0.0690392630721545,0.1042878749595213,0.00827096758371542,-0.001209523538656058
IC50,3,gauge_selector_micro,03_20_99,02_10_99,113,0.011737291208429835,0.014745376545096466,0.00584528201309779,-0.0017157369990376788
IC50,3,gauge_selector_micro,04_100plus,01_1_9,301,0.04732846890416666,0.10213035021433602,0.001709528574364584,-0.0033967878753887637
IC50,3,somol_robust_blend_bucket,01_1_4,01_1_9,7528,0.18793670911053517,0.29532083739223197,0.06921182310386184,-0.01961160874124295
IC50,3,somol_robust_blend_bucket,01_1_4,02_10_99,2263,0.08258254903833603,0.22467192601013525,0.0014881489253355282,-0.0001658276787747087
IC50,3,somol_robust_blend_bucket,02_5_19,01_1_9,2876,0.11699206057142826,0.13499346398657192,0.08719072683138258,-0.0004952987476843748
IC50,3,somol_robust_blend_bucket,02_5_19,02_10_99,51,0.09713950312913902,0.06070281814497965,0.10274346525986575,0.00046224612785252423
IC50,3,somol_robust_blend_bucket,03_20_99,01_1_9,1868,0.0660889346699912,0.10205389372365736,0.0016503550545143358,0.0018693235042252663
IC50,3,somol_robust_blend_bucket,03_20_99,02_10_99,113,0.011799816089927818,0.008750145885573858,0.008899761209181357,-0.0008468075093651899
IC50,3,somol_robust_blend_bucket,04_100plus,01_1_9,301,0.03697667820057257,0.09388270100262526,1.746750892076913e-14,0.00987883726026751
IC50,4,empirical_delta,01_1_4,01_1_9,8178,0.267529424569526,0.4534582123781971,0.09209986354804958,0.0010701195305408767
IC50,4,empirical_delta,01_1_4,02_10_99,2644,0.1589739992059252,0.38233004373884594,1.258252761241844e-15,-0.0020874365548048707
IC50,4,empirical_delta,02_5_19,01_1_9,2506,0.07776690882390341,0.16428566380616788,0.005724847592297522,-0.0007806677406830974
IC50,4,empirical_delta,02_5_19,02_10_99,89,0.020106932290522617,0.026666207425293322,0.012443365342154364,0.006069374344953417
IC50,4,empirical_delta,03_20_99,01_1_9,1322,0.00939032981685546,0.019330392064137884,0.00022597486935345873,2.0408819592234505e-05
IC50,4,empirical_delta,03_20_99,02_10_99,125,0.0006487278203103854,0.0015413546364989289,2.9605947323337506e-16,2.5402844276957382e-05
IC50,4,empirical_delta,04_100plus,01_1_9,136,0.002720318814654386,0.005278750655806821,0.00037820779088826306,-0.0005798935988620386
IC50,4,gauge_selector_micro,01_1_4,01_1_9,8178,0.2145828063657212,0.32178503947455733,0.08975168038232298,-0.012586894132833606
IC50,4,gauge_selector_micro,01_1_4,02_10_99,2644,0.09658351469857211,0.2270679239985384,7.091294218497524e-11,-0.0006808035306947515
IC50,4,gauge_selector_micro,02_5_19,01_1_9,2506,0.13050443783258614,0.14123499891604183,0.1008757004239842,-0.0012111844752696695
IC50,4,gauge_selector_micro,02_5_19,02_10_99,89,0.12038549568186502,0.05127429705891632,0.11535354372080849,-0.004140896253506565
IC50,4,gauge_selector_micro,03_20_99,01_1_9,1322,0.0642984426246947,0.08965610108359472,0.03843051712277745,-0.0007851464077385197
IC50,4,gauge_selector_micro,03_20_99,02_10_99,125,0.012386532300425671,0.011088367524746259,0.007197130474901299,-0.00261844196405061
IC50,4,gauge_selector_micro,04_100plus,01_1_9,136,0.03036783933698865,0.029032868132540798,0.03701568811410501,-0.0043224310149081804
IC50,4,somol_robust_blend_bucket,01_1_4,01_1_9,8178,0.2215559507829405,0.3318781827810948,0.09746547302292141,-0.015288888100300846
IC50,4,somol_robust_blend_bucket,01_1_4,02_10_99,2644,0.13487838595335908,0.32837186281937747,0.012149201870739017,0.0073582039132944746
IC50,4,somol_robust_blend_bucket,02_5_19,01_1_9,2506,0.1258137093218154,0.13954697297061092,0.09026161002887652,0.0017899029098276638
IC50,4,somol_robust_blend_bucket,02_5_19,02_10_99,89,0.10923163533439267,0.057123680355659436,0.0998854882946072,0.003428300772903399
IC50,4,somol_robust_blend_bucket,03_20_99,01_1_9,1322,0.06154893778482698,0.08105748798841937,0.03411494103706214,0.003055526255379537
IC50,4,somol_robust_blend_bucket,03_20_99,02_10_99,125,0.013815529973149667,0.00821940628029569,0.011984038178644832,-0.001851639539843746
IC50,4,somol_robust_blend_bucket,04_100plus,01_1_9,136,0.02061939016229188,0.029067525717989456,0.0014964826705136103,-0.0017466039675305967
KD,3,empirical_delta,01_1_4,01_1_9,88,0.4481448387663539,0.3739274166011049,0.5215473783566029,-3.532527805625498e-17
KD,3,empirical_delta,02_5_19,01_1_9,672,0.21603577021250575,0.19881421726029647,0.13826011873183264,1.2163715801789754e-17
KD,3,empirical_delta,04_100plus,01_1_9,10,0.0,0.0,0.0,0.0
KD,3,gauge_selector_micro,01_1_4,01_1_9,88,0.40503597365351623,0.3830029626116283,0.26112625660838573,-0.04033578253912672
KD,3,gauge_selector_micro,02_5_19,01_1_9,672,0.2615694869564779,0.1501703002926373,0.26531054933759673,0.01457680265097688
KD,3,gauge_selector_micro,04_100plus,01_1_9,10,4.275098793489936e-14,2.334814763932444e-14,4.500103993147301e-14,-6.7501559897209515e-15
KD,3,somol_robust_blend_bucket,01_1_4,01_1_9,88,0.4857288069099828,0.37504762610481435,0.4467534052975658,-0.036018425010696596
KD,3,somol_robust_blend_bucket,02_5_19,01_1_9,672,0.25062999021115584,0.14746156366864946,0.23964001402273782,0.02116881249989249
KD,3,somol_robust_blend_bucket,04_100plus,01_1_9,10,3.280338963425796e-14,3.6735984997408144e-14,1.7171449447535753e-14,-3.671137468093851e-15
KD,4,empirical_delta,01_1_4,01_1_9,10,0.4076245864089832,0.16434056991749324,0.3921635418677649,-1.3600232051658169e-16
KD,4,empirical_delta,02_5_19,01_1_9,540,0.22604509264298178,0.2305338360257538,0.14918615345859823,8.635067969306773e-18
KD,4,gauge_selector_micro,01_1_4,01_1_9,10,0.1664418079181897,0.15979864916103373,0.1530024155821165,0.01108367477601129
KD,4,gauge_selector_micro,02_5_19,01_1_9,540,0.3143845077902894,0.19685213383270056,0.3460380855368962,0.017080806999501427
KD,4,somol_robust_blend_bucket,01_1_4,01_1_9,10,0.24186577490575015,0.11480639981199782,0.23654525327753645,0.01498222596996061
KD,4,somol_robust_blend_bucket,02_5_19,01_1_9,540,0.3044047407329094,0.18598344078067522,0.3417694562102786,0.02889360122044955
KI,3,empirical_delta,01_1_4,01_1_9,4975,0.10393481249507452,0.2807950562623127,0.0,-0.006221485689825173
KI,3,empirical_delta,01_1_4,02_10_99,7582,0.09552502572394059,0.28102638861973905,3.9474596431116675e-16,0.00035854046217902137
KI,3,empirical_delta,02_5_19,01_1_9,709,0.03190791827584201,0.06795402500798446,0.004104426165046249,0.0012439269737401228
KI,3,empirical_delta,02_5_19,02_10_99,1064,0.05272322941248345,0.09329699928439017,0.011361475196770776,-0.0012301109415137337
KI,3,empirical_delta,03_20_99,01_1_9,276,0.0030186703618325737,0.00797693571129178,0.00010530433617006452,-9.337355247532997e-06
KI,3,empirical_delta,03_20_99,02_10_99,234,0.014701783120971423,0.031126010226886165,0.0006410592486540227,0.003892108948048706
KI,3,empirical_delta,04_100plus,01_1_9,160,0.0011627455713542159,0.0018952732649677045,8.07441470760395e-05,-2.2455075331164386e-05
KI,3,gauge_selector_micro,01_1_4,01_1_9,4975,0.08896671056368669,0.24943708320537603,0.00023106555943365315,-0.004189665065518605
KI,3,gauge_selector_micro,01_1_4,02_10_99,7582,0.06872026257046586,0.19198291287992258,0.004290971984601674,-0.0026578119111767247
KI,3,gauge_selector_micro,02_5_19,01_1_9,709,0.03514934205344279,0.06478954962328981,0.004526514403381476,-0.0006962389291382012
KI,3,gauge_selector_micro,02_5_19,02_10_99,1064,0.0634720489558032,0.11496440814324375,0.0077561439153223735,-0.0036696344268019763
KI,3,gauge_selector_micro,03_20_99,01_1_9,276,0.009622238599253938,0.022223235924718386,0.0009024303717131391,-0.0009036742857906522
KI,3,gauge_selector_micro,03_20_99,02_10_99,234,0.04586267216863817,0.10092617928901891,0.0033389032435774033,0.007251796057544251
KI,3,gauge_selector_micro,04_100plus,01_1_9,160,0.09125301107796938,0.12268126211607926,0.0010336457098418055,0.006181620343254732
KI,3,somol_robust_blend_bucket,01_1_4,01_1_9,4975,0.09341720883558903,0.315973838656812,1.142177316084927e-06,-0.005034394437274267
KI,3,somol_robust_blend_bucket,01_1_4,02_10_99,7582,0.06826537923244685,0.2010571677145933,0.0010211541889352126,-0.0005198146059075492
KI,3,somol_robust_blend_bucket,02_5_19,01_1_9,709,0.03860623966180024,0.07265758486103695,0.0015655524386343582,0.002763132311879575
KI,3,somol_robust_blend_bucket,02_5_19,02_10_99,1064,0.06312017763595389,0.13390019711043652,0.009045483690918696,-0.018780529530629083
KI,3,somol_robust_blend_bucket,03_20_99,01_1_9,276,0.006961513747726816,0.022279779272863835,4.5838565911153026e-05,2.356449040818308e-05
KI,3,somol_robust_blend_bucket,03_20_99,02_10_99,234,0.015017743052748778,0.036662497034943564,4.623181268649369e-05,-0.0033246063993441857
KI,3,somol_robust_blend_bucket,04_100plus,01_1_9,160,0.09987047614370265,0.1347407375413594,7.154770603139898e-15,0.0018359355589274418
KI,4,empirical_delta,01_1_4,01_1_9,5427,0.16692105298734275,0.3808856746637764,0.004543181008017576,-0.005982054556292426
KI,4,empirical_delta,01_1_4,02_10_99,8118,0.11375877704227859,0.2967938944079052,0.0008409785389331681,0.0008427397470689129
KI,4,empirical_delta,02_5_19,01_1_9,487,0.035819190327779665,0.0745998388510278,0.005627142030247612,0.0027969238279520023
KI,4,empirical_delta,02_5_19,02_10_99,678,0.056084767763372914,0.09734478444561631,0.017976260394564313,-0.00232001177054174
KI,4,empirical_delta,03_20_99,01_1_9,116,0.0034594312198815602,0.007442292170592137,0.0003361377122796938,0.0014623127905190282
KI,4,empirical_delta,03_20_99,02_10_99,70,0.018373012206873346,0.03687256624695931,0.002304638976601936,0.0018329516506618983
KI,4,empirical_delta,04_100plus,01_1_9,104,0.0020361626650169727,0.002199696732794421,0.0013579995785562016,-0.00025705479108929964
KI,4,gauge_selector_micro,01_1_4,01_1_9,5427,0.13635813133870167,0.33294223391363936,0.009381732454204558,-0.005423066604144594
KI,4,gauge_selector_micro,01_1_4,02_10_99,8118,0.09754589965039305,0.4470626764500017,0.007646468440617708,-0.004382159448601977
KI,4,gauge_selector_micro,02_5_19,01_1_9,487,0.03341707861298508,0.05659892943445258,0.006335118669375787,-0.0015169097314373958
KI,4,gauge_selector_micro,02_5_19,02_10_99,678,0.08817486827099846,0.15216984424961988,0.01564497572011873,-0.018332900467997643
KI,4,gauge_selector_micro,03_20_99,01_1_9,116,0.005319417129279049,0.010285540527626421,0.0016869701542597444,0.0008691652278066192
KI,4,gauge_selector_micro,03_20_99,02_10_99,70,0.05314405747107113,0.11070308068555255,0.0028401122321007888,0.007193108910271903
KI,4,gauge_selector_micro,04_100plus,01_1_9,104,0.1476818199340228,0.126654380860111,0.2281184678428692,0.013097208612070737
KI,4,somol_robust_blend_bucket,01_1_4,01_1_9,5427,0.14290898937238009,0.384357038677568,0.002800211917246035,-0.006169299305673961
KI,4,somol_robust_blend_bucket,01_1_4,02_10_99,8118,0.10081233195297178,0.34986289929653774,0.00390195680559835,-0.005056004129811181
KI,4,somol_robust_blend_bucket,02_5_19,01_1_9,487,0.03105317676439825,0.054209663974778825,0.001682859893591478,0.002561918658851103
KI,4,somol_robust_blend_bucket,02_5_19,02_10_99,678,0.0809682068242059,0.15824053468989424,0.015728297767944738,-0.03003237631441921
KI,4,somol_robust_blend_bucket,03_20_99,01_1_9,116,0.0013741968947175488,0.003744361066026348,1.8306603242349933e-05,-0.00019822856893380605
KI,4,somol_robust_blend_bucket,03_20_99,02_10_99,70,0.016494180299880493,0.041397534603626884,4.890577060349492e-05,-0.00518527266723428
KI,4,somol_robust_blend_bucket,04_100plus,01_1_9,104,0.16227169359430452,0.13975327515284877,0.2680649366869098,0.005890991267549123
