route_group,source_type,method,scope,n_runs,mean_mae,std_mae,mean_rmse,std_rmse,mean_bias,mean_n,mean_groups
classic,ours_rerun_same_split,assay_mean,micro,20,0.6094110582064223,0.06487726817089376,0.8088904682297713,0.06738461168894878,-0.05373378128605506,24633.1,1.0
classic,ours_rerun_same_split,assay_mean,macro_target,20,0.6772995223628746,0.07997240071301569,0.791200643974777,0.07650918726761965,0.008978526660444611,24633.1,243.6
classic,ours_rerun_same_split,assay_mean,macro_assay_pair,20,0.7440098944077558,0.08117234415477559,0.7838804382406703,0.07684079874149342,-0.14124085323468977,24633.1,9280.1
classic,ours_rerun_same_split,identity,micro,20,0.5391670092232087,0.3771868488507906,1.079328107683229,0.410229298473947,0.0,24633.1,1.0
classic,ours_rerun_same_split,identity,macro_target,20,0.5890798714832955,0.2602424499774772,0.7109450771170991,0.2737551664613372,0.0,24633.1,243.6
classic,ours_rerun_same_split,identity,macro_assay_pair,20,0.6476383925933733,0.350436350580296,0.6707715778247422,0.35397556510712197,1.6823035390931503e-18,24633.1,9280.1
classic,ours_rerun_same_split,identity_bias,micro,20,0.20992177044925947,0.0403606871391159,0.46599456922168436,0.048659670781868655,-1.4762408520481855e-18,24633.1,1.0
classic,ours_rerun_same_split,identity_bias,macro_target,20,0.27834024707593735,0.07486627688214066,0.35970663159259925,0.07930536502509532,-1.3417047623773007e-18,24633.1,243.6
classic,ours_rerun_same_split,identity_bias,macro_assay_pair,20,0.361640004569047,0.11177466734995686,0.3844481174807447,0.11442370364760723,-1.755586176476167e-18,24633.1,9280.1
classic,ours_rerun_same_split,pair_affine,micro,20,0.22233499042436242,0.0441726017231791,0.4609062983789946,0.06344700412053593,-0.019092632072504633,24633.1,1.0
classic,ours_rerun_same_split,pair_affine,macro_target,20,0.3305813072878944,0.10552581076281156,0.42012736480262636,0.11122421199455723,0.013288147061680643,24633.1,243.6
classic,ours_rerun_same_split,pair_affine,macro_assay_pair,20,0.40452237330138396,0.04299969028905803,0.426776060238282,0.04570970566462654,-0.02986296416801514,24633.1,9280.1
classic,ours_rerun_same_split,pair_affine_bias_fallback,micro,20,0.19547223586390913,0.0331608803696988,0.44743424180869146,0.05853251845195967,-0.0009534149970763149,24633.1,1.0
classic,ours_rerun_same_split,pair_affine_bias_fallback,macro_target,20,0.2555643910825959,0.06942234603101234,0.33873556650477177,0.0774032532336982,-0.0008990173248639717,24633.1,243.6
classic,ours_rerun_same_split,pair_affine_bias_fallback,macro_assay_pair,20,0.34987780686981595,0.10801515022943486,0.37224894484777354,0.11010344717397955,-0.00470814507172239,24633.1,9280.1
classic,ours_rerun_same_split,pair_affine_shrink_k10,micro,20,0.19548816641088473,0.034452513864528654,0.44220429089635066,0.052679208817323214,-0.0006088096223067149,24633.1,1.0
classic,ours_rerun_same_split,pair_affine_shrink_k10,macro_target,20,0.2554192710806572,0.06837425094982195,0.33442341371551176,0.07422281675685011,-0.00038470482060354923,24633.1,243.6
classic,ours_rerun_same_split,pair_affine_shrink_k10,macro_assay_pair,20,0.34882291291635054,0.10811968252694719,0.37054696427222755,0.11005185842184949,-0.0024529739106165377,24633.1,9280.1
classic,ours_rerun_same_split,pair_isotonic,micro,20,0.22727413553948944,0.04477073423753239,0.4690325219561016,0.06347694179055346,-0.017975482963652055,24633.1,1.0
classic,ours_rerun_same_split,pair_isotonic,macro_target,20,0.3388122320507983,0.10304451933887755,0.4346386411263368,0.10974336550971169,0.01245222619891135,24633.1,243.6
classic,ours_rerun_same_split,pair_isotonic,macro_assay_pair,20,0.4092003904128583,0.044181910441019656,0.43575290728012267,0.04776577071725857,-0.02950470912774496,24633.1,9280.1
classic,ours_rerun_same_split,target_pair_affine,micro,20,0.22233499042436242,0.0441726017231791,0.4609062983789946,0.06344700412053593,-0.019092632072504633,24633.1,1.0
classic,ours_rerun_same_split,target_pair_affine,macro_target,20,0.3305813072878944,0.10552581076281156,0.42012736480262636,0.11122421199455723,0.013288147061680643,24633.1,243.6
classic,ours_rerun_same_split,target_pair_affine,macro_assay_pair,20,0.40452237330138396,0.04299969028905803,0.426776060238282,0.04570970566462654,-0.02986296416801514,24633.1,9280.1
direct_competitor,ours_rerun_same_split,calibration_grid_global,micro,20,0.1961670641459467,0.035715540021591434,0.44400406338614157,0.0572923209735363,-0.0004248279903527151,24633.1,1.0
direct_competitor,ours_rerun_same_split,calibration_grid_global,macro_target,20,0.2632789443993665,0.07609910494017436,0.346048830456477,0.0825396666060871,0.004333054073778935,24633.1,243.6
direct_competitor,ours_rerun_same_split,calibration_grid_global,macro_assay_pair,20,0.35363026728265007,0.10542727182043551,0.3758023674545948,0.10798907396053858,-0.0026783204534440762,24633.1,9280.1
direct_competitor,ours_rerun_same_split,calibration_grid_selector,micro,20,0.19632337729256627,0.03571899154407295,0.4504905500091567,0.055808358465491495,-0.0003018021457923049,24633.1,1.0
direct_competitor,ours_rerun_same_split,calibration_grid_selector,macro_target,20,0.26984797618250733,0.08035667732317767,0.3539768714309014,0.0859090422080685,0.002458320078374305,24633.1,243.6
direct_competitor,ours_rerun_same_split,calibration_grid_selector,macro_assay_pair,20,0.35528801822614675,0.10339803663460526,0.3773975713082586,0.10584837766372407,-0.0017007914171845897,24633.1,9280.1
direct_competitor,ours_rerun_same_split,calibration_grid_selector_macro_assay_pair,micro,20,0.19653461072806816,0.035280572612190905,0.4494855369267553,0.05388203286737823,-0.0005730345495424,24633.1,1.0
direct_competitor,ours_rerun_same_split,calibration_grid_selector_macro_assay_pair,macro_target,20,0.26824478042526595,0.07991377009574416,0.3518158313844047,0.08503867245579877,0.0031635650665799557,24633.1,243.6
direct_competitor,ours_rerun_same_split,calibration_grid_selector_macro_assay_pair,macro_assay_pair,20,0.35425463060431434,0.10281323582783498,0.3762004830188931,0.10531256919289915,-0.00269085628273632,24633.1,9280.1
direct_competitor,ours_rerun_same_split,calibration_grid_selector_macro_target,micro,20,0.19766819307321967,0.036093060825291796,0.45494902135071114,0.061192560984413044,0.0013166792475644696,24633.1,1.0
direct_competitor,ours_rerun_same_split,calibration_grid_selector_macro_target,macro_target,20,0.2645042032144825,0.07941807461649099,0.3477603785509914,0.08499941687551214,0.00333659004955414,24633.1,243.6
direct_competitor,ours_rerun_same_split,calibration_grid_selector_macro_target,macro_assay_pair,20,0.3571033071721127,0.1030667831365469,0.3788970244257101,0.10598743558793243,0.004438472517865303,24633.1,9280.1
direct_competitor,ours_rerun_same_split,calibration_grid_selector_micro,micro,20,0.19632337729256627,0.03571899154407295,0.4504905500091567,0.055808358465491495,-0.0003018021457923049,24633.1,1.0
direct_competitor,ours_rerun_same_split,calibration_grid_selector_micro,macro_target,20,0.26984797618250733,0.08035667732317767,0.3539768714309014,0.0859090422080685,0.002458320078374305,24633.1,243.6
direct_competitor,ours_rerun_same_split,calibration_grid_selector_micro,macro_assay_pair,20,0.35528801822614675,0.10339803663460526,0.3773975713082586,0.10584837766372407,-0.0017007914171845897,24633.1,9280.1
method_comparison,ours_rerun_same_split,deming_bias_fallback,micro,20,0.2663165199137768,0.07122036529788568,1.8789143009028986,1.529899775656837,0.008080949231741234,24633.1,1.0
method_comparison,ours_rerun_same_split,deming_bias_fallback,macro_target,20,0.4267406417381948,0.2144996837328603,0.7130551238145639,0.3670894125727467,0.002379281709967486,24633.1,243.6
method_comparison,ours_rerun_same_split,deming_bias_fallback,macro_assay_pair,20,0.4296622934241766,0.13633869556196027,0.4685407395856814,0.15199870520144437,-0.0037884293076758694,24633.1,9280.1
method_comparison,ours_rerun_same_split,odr_tls_bias_fallback,micro,20,0.26610405010947097,0.07122758831496744,1.878861012083312,1.5299064832300144,0.007996691870966355,24633.1,1.0
method_comparison,ours_rerun_same_split,odr_tls_bias_fallback,macro_target,20,0.4263215027764204,0.21463423566320824,0.7128172318286007,0.36714845139948726,0.002341474355370353,24633.1,243.6
method_comparison,ours_rerun_same_split,odr_tls_bias_fallback,macro_assay_pair,20,0.4293657658886185,0.13617930834498362,0.46824411330491955,0.1518511097859999,-0.00392373008308094,24633.1,9280.1
method_comparison,ours_rerun_same_split,robust_trimmed_bias_fallback,micro,20,0.18995988934355698,0.0359347269110069,0.4572602295974967,0.06793711722651287,0.000680545537918885,24633.1,1.0
method_comparison,ours_rerun_same_split,robust_trimmed_bias_fallback,macro_target,20,0.25413167108366597,0.07618148739300887,0.34425335224958176,0.08607591153879282,-0.0008551832015388649,24633.1,243.6
method_comparison,ours_rerun_same_split,robust_trimmed_bias_fallback,macro_assay_pair,20,0.347997432201176,0.10953033274577896,0.3732945006146477,0.11111433179220238,-0.0031883978577283796,24633.1,9280.1
modern_assay_context,ours_rerun_same_split_surrogate,assay_context_knn_affine_k1,micro,20,0.8489925519234054,0.521288752699388,2.564949795150234,1.2350270212036847,-0.03320494284415909,24633.1,1.0
modern_assay_context,ours_rerun_same_split_surrogate,assay_context_knn_affine_k1,macro_target,20,1.00912687793203,0.31862691579006197,1.391789213607985,0.3474876142169619,-0.02926273101763858,24633.1,243.6
modern_assay_context,ours_rerun_same_split_surrogate,assay_context_knn_affine_k1,macro_assay_pair,20,1.1636460911358313,0.4906052686213279,1.1909604518518324,0.49466475445213953,-0.07845782045044244,24633.1,9280.1
modern_assay_context,ours_rerun_same_split_surrogate,assay_context_knn_affine_k20,micro,20,0.5413582762424208,0.12933324084470946,1.2083793105195215,0.5773285572206266,-0.003677787385177195,24633.1,1.0
modern_assay_context,ours_rerun_same_split_surrogate,assay_context_knn_affine_k20,macro_assay_pair,20,0.7517178657557166,0.1973691702954229,0.7770345927819798,0.2005234816395067,-0.010915236658720871,24633.1,9280.1
modern_assay_context,ours_rerun_same_split_surrogate,assay_context_knn_affine_k20,macro_target,20,0.7666502005985077,0.11973270565838835,0.9956644085165017,0.1975878048816879,0.05113079355399055,24633.1,243.6
modern_assay_context,ours_rerun_same_split_surrogate,assay_context_knn_affine_k5,micro,20,0.5931291037606724,0.15485847944149556,1.6186626210449024,0.8966694729537872,0.0025850991866183904,24633.1,1.0
modern_assay_context,ours_rerun_same_split_surrogate,assay_context_knn_affine_k5,macro_assay_pair,20,0.857773554638983,0.22657559010622902,0.8846523987617967,0.23165092157199127,-0.039878403868782684,24633.1,9280.1
modern_assay_context,ours_rerun_same_split_surrogate,assay_context_knn_affine_k5,macro_target,20,0.8714905799467276,0.1649310356140975,1.1859466289990461,0.2795798070862988,0.0015199374315034598,24633.1,243.6
modern_assay_context,ours_rerun_same_split_surrogate,assay_context_knn_delta_k1,micro,20,0.7461447592084209,0.5873086179267534,1.4299798634697853,0.8142201621666157,0.001060426693438045,24633.1,1.0
modern_assay_context,ours_rerun_same_split_surrogate,assay_context_knn_delta_k1,macro_target,20,0.8004445190936982,0.3470709831712024,0.9650447291937564,0.41352796646407214,0.0032205361115702795,24633.1,243.6
modern_assay_context,ours_rerun_same_split_surrogate,assay_context_knn_delta_k1,macro_assay_pair,20,0.9075249966968201,0.5883513379748018,0.9288953804210284,0.5917035077037589,7.006601619946517e-05,24633.1,9280.1
modern_assay_context,ours_rerun_same_split_surrogate,assay_context_knn_delta_k20,micro,20,0.450370451907086,0.16364052417070482,0.8734448555428733,0.15445218386163218,4.6414256311208147e-07,24633.1,1.0
modern_assay_context,ours_rerun_same_split_surrogate,assay_context_knn_delta_k20,macro_target,20,0.5582178797129502,0.10339111630859929,0.6683910350083854,0.11085875966366668,-3.376250290891855e-06,24633.1,243.6
modern_assay_context,ours_rerun_same_split_surrogate,assay_context_knn_delta_k20,macro_assay_pair,20,0.5811553027907873,0.19413293643942953,0.6037971687250512,0.1997576786580943,6.368128368584034e-05,24633.1,9280.1
modern_assay_context,ours_rerun_same_split_surrogate,assay_context_knn_delta_k5,micro,20,0.47837596679650546,0.18194991562149265,0.915296425706404,0.16974677277235634,-0.000397981779811535,24633.1,1.0
modern_assay_context,ours_rerun_same_split_surrogate,assay_context_knn_delta_k5,macro_target,20,0.5996840537916304,0.1136605613624144,0.7106735876343855,0.12071846844695161,-0.0004920714449442738,24633.1,243.6
modern_assay_context,ours_rerun_same_split_surrogate,assay_context_knn_delta_k5,macro_assay_pair,20,0.6224828548128493,0.22970939014314212,0.6453496406822489,0.2356849931304172,0.0004425175773378023,24633.1,9280.1
modern_assay_context,ours_rerun_same_split_surrogate,assay_context_pair_or_knn_k1,micro,20,0.3155105437574332,0.09612616806792858,1.5669837394083947,1.3388259089321026,-0.012891952879595514,24633.1,1.0
modern_assay_context,ours_rerun_same_split_surrogate,assay_context_pair_or_knn_k1,macro_target,20,0.4447791556580986,0.09583403068291337,0.6803801744644192,0.17733917269649557,-0.0037539248065808057,24633.1,243.6
modern_assay_context,ours_rerun_same_split_surrogate,assay_context_pair_or_knn_k1,macro_assay_pair,20,0.6966513093786604,0.2842646853943865,0.7217572969337457,0.28499079861151283,-0.05033848712512856,24633.1,9280.1
modern_assay_context,ours_rerun_same_split_surrogate,assay_context_pair_or_knn_k20,micro,20,0.2602950684327929,0.06138858004069666,0.802180089228002,0.5906986825566436,-0.010660261913874406,24633.1,1.0
modern_assay_context,ours_rerun_same_split_surrogate,assay_context_pair_or_knn_k20,macro_target,20,0.3889519499443184,0.0610603443368312,0.5516426674623224,0.1141164799874196,0.0033623111258065906,24633.1,243.6
modern_assay_context,ours_rerun_same_split_surrogate,assay_context_pair_or_knn_k20,macro_assay_pair,20,0.5292763549522266,0.199336087342645,0.5529660637613738,0.19635841434151735,-0.020960752682817357,24633.1,9280.1
modern_assay_context,ours_rerun_same_split_surrogate,assay_context_pair_or_knn_k5,micro,20,0.28400480495725017,0.07611158833846801,1.096777077288748,0.8885526797042957,-0.01207845140456596,24633.1,1.0
modern_assay_context,ours_rerun_same_split_surrogate,assay_context_pair_or_knn_k5,macro_target,20,0.4408091935568918,0.08318356681463383,0.6554113247423987,0.17184671706087376,-0.0031802617165225186,24633.1,243.6
modern_assay_context,ours_rerun_same_split_surrogate,assay_context_pair_or_knn_k5,macro_assay_pair,20,0.6020998494835728,0.24769712324520105,0.6264609730293735,0.24680987576973,-0.03354291631761097,24633.1,9280.1
modern_assay_context,ours_rerun_same_split_surrogate,assay_context_pair_or_ridge,micro,20,0.26581733950746467,0.09149403979920052,0.5505671432502026,0.1351070877419241,-0.0009534643077217049,24633.1,1.0
modern_assay_context,ours_rerun_same_split_surrogate,assay_context_pair_or_ridge,macro_target,20,0.35577350599844026,0.06615665620672824,0.45325206963052167,0.07466883682926923,-0.000898889753164807,24633.1,243.6
modern_assay_context,ours_rerun_same_split_surrogate,assay_context_pair_or_ridge,macro_assay_pair,20,0.5076146910318224,0.1074017083150951,0.5297512692593673,0.10449253294900827,-0.004708191379766687,24633.1,9280.1
modern_assay_context,ours_rerun_same_split_surrogate,assay_context_ridge_delta,micro,20,0.4089725310169575,0.11146862764422552,0.7310399155577472,0.17389141220103196,9.537552835244988e-08,24633.1,1.0
modern_assay_context,ours_rerun_same_split_surrogate,assay_context_ridge_delta,macro_target,20,0.56535029505894,0.14572506481552605,0.6615106360182671,0.15295369628579977,8.915212702619361e-10,24633.1,243.6
modern_assay_context,ours_rerun_same_split_surrogate,assay_context_ridge_delta,macro_assay_pair,20,0.6026829209342435,0.11063491672383594,0.6247462075377764,0.10778525878044902,-9.144483605371014e-08,24633.1,9280.1
ours,ours_main_same_split,gauge_calibration_selector,micro,20,0.19339644480983043,0.03574101910599562,0.4394500876531179,0.05745170602792971,0.0009092912670946848,24633.1,1.0
ours,ours_main_same_split,gauge_calibration_selector,macro_target,20,0.2660054162687683,0.07677986450688422,0.34663286248669334,0.08215919652404104,0.0038015846352409946,24633.1,243.6
ours,ours_main_same_split,gauge_calibration_selector,macro_assay_pair,20,0.34720710058851295,0.10310524619154404,0.36949046493391524,0.1054758234469,0.005680613241755344,24633.1,9280.1
ours,ours_main_same_split,gauge_calibration_selector_micro,micro,20,0.19339644480983043,0.03574101910599562,0.4394500876531179,0.05745170602792971,0.0009092912670946848,24633.1,1.0
ours,ours_main_same_split,gauge_calibration_selector_micro,macro_target,20,0.2660054162687683,0.07677986450688422,0.34663286248669334,0.08215919652404104,0.0038015846352409946,24633.1,243.6
ours,ours_main_same_split,gauge_calibration_selector_micro,macro_assay_pair,20,0.34720710058851295,0.10310524619154404,0.36949046493391524,0.1054758234469,0.005680613241755344,24633.1,9280.1
ours,ours_main_same_split,somol_gauge_graph_blend,micro,20,0.19216142559955177,0.03513483180190523,0.43731748704086015,0.057324205221855294,-1.7650766840340924e-05,24633.1,1.0
ours,ours_main_same_split,somol_gauge_graph_blend,macro_target,20,0.26363324439647084,0.07782088070352378,0.3447255325866575,0.08271619625105198,0.0038796065484901195,24633.1,243.6
ours,ours_main_same_split,somol_gauge_graph_blend,macro_assay_pair,20,0.3434052261956034,0.10446779855577454,0.3656758501853292,0.10663965236660805,0.001899599061113235,24633.1,9280.1
ours,ours_main_same_split,somol_gauge_graph_blend_micro,micro,20,0.19216142559955177,0.03513483180190523,0.43731748704086015,0.057324205221855294,-1.7650766840340924e-05,24633.1,1.0
ours,ours_main_same_split,somol_gauge_graph_blend_micro,macro_target,20,0.26363324439647084,0.07782088070352378,0.3447255325866575,0.08271619625105198,0.0038796065484901195,24633.1,243.6
ours,ours_main_same_split,somol_gauge_graph_blend_micro,macro_assay_pair,20,0.3434052261956034,0.10446779855577454,0.3656758501853292,0.10663965236660805,0.001899599061113235,24633.1,9280.1
ours,ours_main_same_split,somol_guarded_stack,micro,20,0.19112966617154015,0.034198187705670326,0.4341696777365825,0.056244600021804037,-0.0008368219646825364,24633.1,1.0
ours,ours_main_same_split,somol_guarded_stack,macro_target,20,0.2587299306418981,0.07212782624586683,0.33918924580442017,0.0772887344793357,0.0012941962330468748,24633.1,243.6
ours,ours_main_same_split,somol_guarded_stack,macro_assay_pair,20,0.33916189384807444,0.10159270690850535,0.36137752467076606,0.1037288555836104,-0.0018618182963801404,24633.1,9280.1
ours,ours_main_same_split,somol_guarded_stack_micro,micro,20,0.19112966617154015,0.034198187705670326,0.4341696777365825,0.056244600021804037,-0.0008368219646825364,24633.1,1.0
ours,ours_main_same_split,somol_guarded_stack_micro,macro_target,20,0.2587299306418981,0.07212782624586683,0.33918924580442017,0.0772887344793357,0.0012941962330468748,24633.1,243.6
ours,ours_main_same_split,somol_guarded_stack_micro,macro_assay_pair,20,0.33916189384807444,0.10159270690850535,0.36137752467076606,0.1037288555836104,-0.0018618182963801404,24633.1,9280.1
ours,ours_main_same_split,somol_robust_blend_bucket,micro,20,0.18676573207092592,0.035370594027342606,0.43797254865166524,0.06011705343072626,-1.632285938953002e-05,24633.1,1.0
ours,ours_main_same_split,somol_robust_blend_bucket,macro_target,20,0.25509135431494767,0.07143651566868295,0.3392694115354383,0.07754714567072635,0.002645287735125905,24633.1,243.6
ours,ours_main_same_split,somol_robust_blend_bucket,macro_assay_pair,20,0.33711726041991874,0.102214025032372,0.36097321826491685,0.10409024852893858,-0.0015483126348005897,24633.1,9280.1
ours,ours_main_same_split,somol_stack,micro,20,0.1915929885363243,0.034835395941067736,0.4352774176844482,0.0559469614423257,-0.0004445406893946101,24633.1,1.0
ours,ours_main_same_split,somol_stack,macro_target,20,0.26332420141275475,0.07740763770986336,0.3443179568991781,0.08207749560753516,0.0035415646026794754,24633.1,243.6
ours,ours_main_same_split,somol_stack,macro_assay_pair,20,0.340961371688038,0.10139694134977642,0.3631638138030223,0.10373644528388315,-0.0001032778044742947,24633.1,9280.1
ours,ours_main_same_split,somol_stack_micro,micro,20,0.1915929885363243,0.034835395941067736,0.4352774176844482,0.0559469614423257,-0.0004445406893946101,24633.1,1.0
ours,ours_main_same_split,somol_stack_micro,macro_target,20,0.26332420141275475,0.07740763770986336,0.3443179568991781,0.08207749560753516,0.0035415646026794754,24633.1,243.6
ours,ours_main_same_split,somol_stack_micro,macro_assay_pair,20,0.340961371688038,0.10139694134977642,0.3631638138030223,0.10373644528388315,-0.0001032778044742947,24633.1,9280.1
ours_ablation,ours_ablation_same_split,gauge_calibration_selector_macro_assay_pair,micro,20,0.19400073500991005,0.03515795978111739,0.4377606930135792,0.055573398946197526,0.0011475749341875153,24633.1,1.0
ours_ablation,ours_ablation_same_split,gauge_calibration_selector_macro_assay_pair,macro_target,20,0.26485704357786977,0.07796936980275519,0.34577349299448246,0.08322239763395342,0.003706136624928924,24633.1,243.6
ours_ablation,ours_ablation_same_split,gauge_calibration_selector_macro_assay_pair,macro_assay_pair,20,0.3462395800710688,0.10114979423742652,0.36824181201932743,0.10381084949838093,0.0055344526002922,24633.1,9280.1
ours_ablation,ours_ablation_same_split,gauge_calibration_selector_macro_target,micro,20,0.19720049807697532,0.034793792808943784,0.4425977463831585,0.0596142458207011,0.00192739336516335,24633.1,1.0
ours_ablation,ours_ablation_same_split,gauge_calibration_selector_macro_target,macro_target,20,0.26243139496249535,0.07941383815659363,0.3430854534425325,0.08503440192417831,0.004632901017088206,24633.1,243.6
ours_ablation,ours_ablation_same_split,gauge_calibration_selector_macro_target,macro_assay_pair,20,0.35316999341407135,0.10006751089067716,0.37501541090280005,0.10258189754659151,0.007309794282701549,24633.1,9280.1
ours_ablation,ours_ablation_same_split,graph_gauge_calibration_selector,micro,20,0.19338165507496974,0.035040024554055485,0.44224143762311163,0.05852117007238362,-0.00031164125785614045,24633.1,1.0
ours_ablation,ours_ablation_same_split,graph_gauge_calibration_selector,macro_target,20,0.26257559730669267,0.07867462198586463,0.34417708832930205,0.08427882563995766,0.004036375765099225,24633.1,243.6
ours_ablation,ours_ablation_same_split,graph_gauge_calibration_selector,macro_assay_pair,20,0.34672662045488495,0.1039858087313518,0.3691451778320803,0.10582142693513476,0.000678671691049415,24633.1,9280.1
ours_ablation,ours_ablation_same_split,graph_gauge_calibration_selector_macro_assay_pair,micro,20,0.19413490154326868,0.03691132048653209,0.44339751966146734,0.057555759437564184,0.00111336266107873,24633.1,1.0
ours_ablation,ours_ablation_same_split,graph_gauge_calibration_selector_macro_assay_pair,macro_target,20,0.2639351852104151,0.08009101894471092,0.345825837146843,0.08582653479132586,0.004639271099921223,24633.1,243.6
ours_ablation,ours_ablation_same_split,graph_gauge_calibration_selector_macro_assay_pair,macro_assay_pair,20,0.34947890582312907,0.10675823257270659,0.37162717070849516,0.1088520660527116,0.005490926502748439,24633.1,9280.1
ours_ablation,ours_ablation_same_split,graph_gauge_calibration_selector_macro_target,micro,20,0.19338165507496974,0.035040024554055485,0.44224143762311163,0.05852117007238362,-0.00031164125785614045,24633.1,1.0
ours_ablation,ours_ablation_same_split,graph_gauge_calibration_selector_macro_target,macro_target,20,0.26257559730669267,0.07867462198586463,0.34417708832930205,0.08427882563995766,0.004036375765099225,24633.1,243.6
ours_ablation,ours_ablation_same_split,graph_gauge_calibration_selector_macro_target,macro_assay_pair,20,0.34672662045488495,0.1039858087313518,0.3691451778320803,0.10582142693513476,0.000678671691049415,24633.1,9280.1
ours_ablation,ours_ablation_same_split,graph_gauge_calibration_selector_micro,micro,20,0.19373366704318945,0.03666577236897285,0.4412688161680042,0.05538398901705252,0.0014162043054913704,24633.1,1.0
ours_ablation,ours_ablation_same_split,graph_gauge_calibration_selector_micro,macro_target,20,0.264505218835999,0.07974533186411562,0.3462457459127077,0.08613794980787283,0.004833022360187405,24633.1,243.6
ours_ablation,ours_ablation_same_split,graph_gauge_calibration_selector_micro,macro_assay_pair,20,0.35035841086007635,0.10743294746236472,0.37261674587754884,0.10953875967327342,0.00675648606436686,24633.1,9280.1
ours_ablation,ours_ablation_same_split,somol_gauge_graph_blend_macro_assay_pair,micro,20,0.19225736812494595,0.03535727926542817,0.43759359037534323,0.05740511245594186,-7.26465354070051e-05,24633.1,1.0
ours_ablation,ours_ablation_same_split,somol_gauge_graph_blend_macro_assay_pair,macro_target,20,0.2640283250646781,0.07780615895598124,0.3453070049504805,0.08277286590231968,0.003971117339821345,24633.1,243.6
ours_ablation,ours_ablation_same_split,somol_gauge_graph_blend_macro_assay_pair,macro_assay_pair,20,0.3433810275027719,0.10456706471608586,0.36557325076393343,0.10676798433197915,0.00180560734159723,24633.1,9280.1
ours_ablation,ours_ablation_same_split,somol_gauge_graph_blend_macro_target,micro,20,0.19335213311293858,0.03498264665989315,0.442287236363829,0.05832799605473757,-0.00033973481203313546,24633.1,1.0
ours_ablation,ours_ablation_same_split,somol_gauge_graph_blend_macro_target,macro_target,20,0.2626260615121249,0.07857586530994388,0.34418749876805743,0.08416461032556785,0.003971909651089525,24633.1,243.6
ours_ablation,ours_ablation_same_split,somol_gauge_graph_blend_macro_target,macro_assay_pair,20,0.346779172686544,0.1042719677821462,0.3692035961041439,0.10613725556519008,0.0005354940863087495,24633.1,9280.1
ours_ablation,ours_ablation_same_split,somol_guarded_stack_macro_assay_pair,micro,20,0.19162452251494994,0.03463641871143259,0.4343081827558229,0.05589304511285635,-0.0005945354539340683,24633.1,1.0
ours_ablation,ours_ablation_same_split,somol_guarded_stack_macro_assay_pair,macro_target,20,0.25987929661439957,0.07342826007001568,0.3404144358818582,0.07870431414649007,0.0018109547230345101,24633.1,243.6
ours_ablation,ours_ablation_same_split,somol_guarded_stack_macro_assay_pair,macro_assay_pair,20,0.3395815986923988,0.10151357071638029,0.3616502978014253,0.103768193572491,-0.000597269389795035,24633.1,9280.1
ours_ablation,ours_ablation_same_split,somol_guarded_stack_macro_target,micro,20,0.19358974825281186,0.034522654458248134,0.4399229170348374,0.054959252288230294,-0.0004474230673101401,24633.1,1.0
ours_ablation,ours_ablation_same_split,somol_guarded_stack_macro_target,macro_target,20,0.2609299468916716,0.07637751487939044,0.34257018042223264,0.08166894939068797,0.00287294108083313,24633.1,243.6
ours_ablation,ours_ablation_same_split,somol_guarded_stack_macro_target,macro_assay_pair,20,0.3458098526282189,0.10214793021837873,0.3679789386580308,0.10413789338497899,-0.00032506249363435533,24633.1,9280.1
ours_ablation,ours_ablation_same_split,somol_robust_blend_global,micro,20,0.18913200856812065,0.03473727289469969,0.4399630815232813,0.07170396898404935,-0.001438929574193665,24633.1,1.0
ours_ablation,ours_ablation_same_split,somol_robust_blend_global,macro_target,20,0.2530960208146338,0.06769983302805264,0.3350229221553814,0.07383056406178234,0.000628903780123175,24633.1,243.6
ours_ablation,ours_ablation_same_split,somol_robust_blend_global,macro_assay_pair,20,0.3385222572070555,0.10280584085126701,0.3616561988370803,0.1045570419849118,-0.003176353410743585,24633.1,9280.1
ours_ablation,ours_ablation_same_split,somol_robust_selector_bucket,micro,20,0.18691375424989093,0.034990850131029434,0.4371416586847414,0.05563864178458428,-2.123586283303003e-05,24633.1,1.0
ours_ablation,ours_ablation_same_split,somol_robust_selector_bucket,macro_target,20,0.2561164792428387,0.07195315191049063,0.3403228411455431,0.0778179079172011,0.0025075476481864947,24633.1,243.6
ours_ablation,ours_ablation_same_split,somol_robust_selector_bucket,macro_assay_pair,20,0.3365185074318764,0.10280891244213888,0.36041230746280356,0.10448136502436267,-0.0011865093518850934,24633.1,9280.1
ours_ablation,ours_ablation_same_split,somol_robust_selector_global,micro,20,0.18994606666266287,0.03502398868470254,0.4409207568532182,0.07129134490626583,-0.0016992983310628363,24633.1,1.0
ours_ablation,ours_ablation_same_split,somol_robust_selector_global,macro_target,20,0.2546004416538433,0.06802570159987832,0.33679155153587287,0.074368332633967,-0.0007866803369268149,24633.1,243.6
ours_ablation,ours_ablation_same_split,somol_robust_selector_global,macro_assay_pair,20,0.33895197409733746,0.1021820004035767,0.36217081266950035,0.10400685945322322,-0.003569486816081375,24633.1,9280.1
ours_ablation,ours_ablation_same_split,somol_stack_macro_assay_pair,micro,20,0.19185593857600616,0.03516636729067311,0.43562035497514284,0.05591216494532248,-0.0003046459283543049,24633.1,1.0
ours_ablation,ours_ablation_same_split,somol_stack_macro_assay_pair,macro_target,20,0.26357566972541846,0.07739280569633646,0.3447673359487986,0.08214552900925748,0.003811395365756895,24633.1,243.6
ours_ablation,ours_ablation_same_split,somol_stack_macro_assay_pair,macro_assay_pair,20,0.3410622920569129,0.10151450587406556,0.3631451468102965,0.10389106325208591,0.000449610155426475,24633.1,9280.1
ours_ablation,ours_ablation_same_split,somol_stack_macro_target,micro,20,0.19323286008571486,0.034345586652078826,0.44127860763483573,0.056581897664635464,-0.00046431334552519043,24633.1,1.0
ours_ablation,ours_ablation_same_split,somol_stack_macro_target,macro_target,20,0.2623921139549759,0.07869047229103464,0.3438582331109938,0.08411776585228123,0.003882746694210075,24633.1,243.6
ours_ablation,ours_ablation_same_split,somol_stack_macro_target,macro_assay_pair,20,0.3457279470831659,0.10160967494405267,0.36808180912043625,0.10360965648416828,-0.00041818099286750553,24633.1,9280.1
support_shrinkage,ours_rerun_same_split,support_gated_val_micro,micro,20,0.197346744156574,0.03608281820530695,0.4533047203579562,0.05485213828553867,-0.0007449634616779734,24633.1,1.0
support_shrinkage,ours_rerun_same_split,support_gated_val_micro,macro_target,20,0.27126548376267895,0.08134760512603739,0.35564976424693323,0.0877504154924898,0.003680559602071356,24633.1,243.6
support_shrinkage,ours_rerun_same_split,support_gated_val_micro,macro_assay_pair,20,0.3569931228764041,0.10311889629832927,0.3801564863650619,0.10591951109491345,-0.0034512663793464142,24633.1,9280.1
