endpoint,seed,filter,n,primary_mae,baseline_mae,delta_baseline_minus_primary
IC50,13,all,50960,0.182695349314622,0.18760810540929163,0.004912756094669624
IC50,13,activity_in_2_12,50934,0.18208611247551731,0.18705196735345572,0.004965854877938408
IC50,13,no_data_validity_comment,50120,0.17900601354096596,0.18376640292731408,0.004760389386348124
IC50,13,no_potential_duplicate_flag,17302,0.3185086624353034,0.3251845912239859,0.006675928788682506
IC50,13,publication_only,15728,0.40989451178453806,0.4219676148113708,0.012073103026832732
IC50,13,target_confidence_9,50960,0.182695349314622,0.18760810540929163,0.004912756094669624
IC50,13,single_protein_target,50960,0.182695349314622,0.18760810540929163,0.004912756094669624
IC50,13,assay_n_ge_50,29654,0.07346749661034174,0.07375121408457216,0.0002837174742304216
IC50,13,assay_n_ge_100,21760,0.059748168946267846,0.059799668864410654,5.14999181428083e-05
IC50,13,pair_support_ge_5,43446,0.12043713977684714,0.12098183981176205,0.0005447000349149134
IC50,13,pair_support_ge_10,42246,0.11742301390628714,0.11752431600356539,0.00010130209727825246
IC50,13,pair_support_ge_20,35576,0.09619969663407633,0.09611046675274826,-8.922988132807619e-05
IC50,17,all,52410,0.1943592853134046,0.19973424986672886,0.005374964553324257
IC50,17,activity_in_2_12,52368,0.19363401117102655,0.19888676606520736,0.005252754894180811
IC50,17,no_data_validity_comment,51620,0.19064576405451478,0.19589812004372004,0.00525235598920526
IC50,17,no_potential_duplicate_flag,18628,0.32889625591987576,0.33593706116453537,0.007040805244659609
IC50,17,publication_only,17386,0.4064020761896806,0.4199225240527243,0.013520447863043683
IC50,17,target_confidence_9,52410,0.1943592853134046,0.19973424986672886,0.005374964553324257
IC50,17,single_protein_target,52410,0.1943592853134046,0.19973424986672886,0.005374964553324257
IC50,17,assay_n_ge_50,29390,0.07574732759457092,0.07574226337949969,-5.0642150712376655e-06
IC50,17,assay_n_ge_100,21870,0.06277594892126273,0.0627606632314005,-1.528568986222667e-05
IC50,17,pair_support_ge_5,43662,0.12289035377573371,0.12303683573859915,0.00014648196286544402
IC50,17,pair_support_ge_10,42658,0.12094862489101736,0.121259944705303,0.00031131981428564326
IC50,17,pair_support_ge_20,35914,0.09957047029536996,0.09958561873635359,1.5148440983631106e-05
IC50,23,all,53116,0.19170016651316837,0.19497021387832775,0.003270047365159373
IC50,23,activity_in_2_12,53094,0.19082344579028432,0.1943605291920173,0.0035370834017329766
IC50,23,no_data_validity_comment,52220,0.18417182734465923,0.1882893036846613,0.004117476340002063
IC50,23,no_potential_duplicate_flag,18738,0.3020263452754845,0.305701476548785,0.0036751312733004915
IC50,23,publication_only,16820,0.4052777378588403,0.41445411986037456,0.009176382001534256
IC50,23,target_confidence_9,53116,0.19170016651316837,0.19497021387832775,0.003270047365159373
IC50,23,single_protein_target,53116,0.19170016651316837,0.19497021387832775,0.003270047365159373
IC50,23,assay_n_ge_50,29832,0.07860254108836885,0.07841754923264387,-0.00018499185572498633
IC50,23,assay_n_ge_100,21472,0.06806849277506218,0.06808713377863591,1.8641003573738324e-05
IC50,23,pair_support_ge_5,44354,0.12327968661484351,0.12382299110845567,0.0005433044936121595
IC50,23,pair_support_ge_10,42962,0.12175300558604217,0.12203506554860763,0.00028205996256545907
IC50,23,pair_support_ge_20,35960,0.09940501169518816,0.09942292143366044,1.7909738472279835e-05
IC50,29,all,49518,0.1746394788569818,0.17973113999285167,0.005091661135869868
IC50,29,activity_in_2_12,49492,0.174200207742336,0.179350188582258,0.005149980839922019
IC50,29,no_data_validity_comment,48572,0.17167577708139248,0.17639410213792758,0.004718325056535105
IC50,29,no_potential_duplicate_flag,17478,0.30415041390590647,0.31002120778472547,0.005870793878819003
IC50,29,publication_only,13950,0.4003078142360731,0.41516040864154113,0.014852594405468045
IC50,29,target_confidence_9,49518,0.1746394788569818,0.17973113999285167,0.005091661135869868
IC50,29,single_protein_target,49518,0.1746394788569818,0.17973113999285167,0.005091661135869868
IC50,29,assay_n_ge_50,29506,0.07246109501817175,0.07245276844600756,-8.32657216418009e-06
IC50,29,assay_n_ge_100,21532,0.06009839680059648,0.06010609911517214,7.702314575655511e-06
IC50,29,pair_support_ge_5,43736,0.12059388110583986,0.12112690394917164,0.0005330228433317735
IC50,29,pair_support_ge_10,42366,0.11727087181842584,0.1176319713913254,0.00036109957289956474
IC50,29,pair_support_ge_20,35858,0.09300576101808306,0.0930412911120232,3.5530093940139285e-05
IC50,31,all,56950,0.20659604657092848,0.21214309998940184,0.005547053418473363
IC50,31,activity_in_2_12,56898,0.205997681717357,0.2117989357473068,0.005801254029949798
IC50,31,no_data_validity_comment,55792,0.1964951451218676,0.20267559561558945,0.006180450493721845
IC50,31,no_potential_duplicate_flag,18904,0.3176590346803585,0.3201375222940036,0.0024784876136451084
IC50,31,publication_only,21276,0.40803457960333195,0.42054715289242756,0.012512573289095608
IC50,31,target_confidence_9,56950,0.20659604657092848,0.21214309998940184,0.005547053418473363
IC50,31,single_protein_target,56950,0.20659604657092848,0.21214309998940184,0.005547053418473363
IC50,31,assay_n_ge_50,29772,0.07803539956508607,0.07846405527529589,0.0004286557102098215
IC50,31,assay_n_ge_100,21488,0.06655404461394114,0.06653721470510647,-1.682990883467017e-05
IC50,31,pair_support_ge_5,44016,0.12505175547684957,0.12546807170206525,0.00041631622521567935
IC50,31,pair_support_ge_10,43066,0.12307256653290564,0.12348969131764359,0.0004171247847379461
IC50,31,pair_support_ge_20,35966,0.09819009627664191,0.09830936347062423,0.00011926719398232255
KI,13,all,20610,0.2400090800804509,0.24368426451498748,0.0036751844345365714
KI,13,activity_in_2_12,20356,0.2360115129731255,0.2377222613489596,0.001710748375834098
KI,13,no_data_validity_comment,20056,0.2372625763973029,0.24018601318142352,0.002923436784120631
KI,13,no_potential_duplicate_flag,1836,0.353924869304232,0.35511876823806654,0.0011938989338345363
KI,13,publication_only,13926,0.32035601228584826,0.3258164793973217,0.005460467111473466
KI,13,target_confidence_9,20610,0.2400090800804509,0.24368426451498748,0.0036751844345365714
KI,13,single_protein_target,20610,0.2400090800804509,0.24368426451498748,0.0036751844345365714
KI,13,assay_n_ge_50,6116,0.06919869311449062,0.06878668700738326,-0.0004120061071073572
KI,13,assay_n_ge_100,4838,0.07456325034290592,0.07380418776752806,-0.0007590625753778613
KI,13,pair_support_ge_5,14996,0.22390581042552044,0.22709187670159098,0.0031860662760705427
KI,13,pair_support_ge_10,13638,0.21199385843862528,0.21445921497855136,0.002465356539926078
KI,13,pair_support_ge_20,11556,0.19054486195814158,0.19296315709506456,0.0024182951369229877
KI,17,all,31834,0.12800375737791467,0.1387656808734552,0.010761923495540532
KI,17,activity_in_2_12,31542,0.12178132332252133,0.1336655755485827,0.011884252226061362
KI,17,no_data_validity_comment,31402,0.1216973221829788,0.1339569783416852,0.012259656158706417
KI,17,no_potential_duplicate_flag,1802,0.34995041828221385,0.3492524878972273,-0.0006979303849865559
KI,17,publication_only,24614,0.1455243116456982,0.15913968367508396,0.013615372029385758
KI,17,target_confidence_9,31834,0.12800375737791467,0.1387656808734552,0.010761923495540532
KI,17,single_protein_target,31834,0.12800375737791467,0.1387656808734552,0.010761923495540532
KI,17,assay_n_ge_50,6358,0.05843604184751343,0.05791410915161357,-0.0005219326958998613
KI,17,assay_n_ge_100,5128,0.06327136010581334,0.06323906397098637,-3.2296134826970135e-05
KI,17,pair_support_ge_5,17252,0.16496449669091612,0.18500885389309138,0.02004435720217526
KI,17,pair_support_ge_10,16346,0.15773249189472666,0.17640417499553587,0.018671683100809217
KI,17,pair_support_ge_20,14054,0.1372605710062883,0.1537950976371906,0.016534526630902296
KI,23,all,51378,0.16849150312007186,0.170928419010272,0.0024369158902001475
KI,23,activity_in_2_12,51100,0.16593215898893016,0.1688123857231119,0.0028802267341817567
KI,23,no_data_validity_comment,50404,0.15483501633433913,0.15815427536526577,0.003319259030926641
KI,23,no_potential_duplicate_flag,1944,0.3818683488530555,0.3801879186631779,-0.0016804301898775686
KI,23,publication_only,44254,0.18406572368925617,0.18693576498769937,0.0028700412984432044
KI,23,target_confidence_9,51378,0.16849150312007186,0.170928419010272,0.0024369158902001475
KI,23,single_protein_target,51378,0.16849150312007186,0.170928419010272,0.0024369158902001475
KI,23,assay_n_ge_50,6358,0.0686834052055917,0.06854810281938321,-0.00013530238620848567
KI,23,assay_n_ge_100,5112,0.07235062477101367,0.07225307172166917,-9.755304934450093e-05
KI,23,pair_support_ge_5,18410,0.17165349266442306,0.1731439246170868,0.00149043195266374
KI,23,pair_support_ge_10,16692,0.16926130200767026,0.1696691027392448,0.0004078007315745369
KI,23,pair_support_ge_20,14360,0.15957606831937468,0.1601769463533735,0.0006008780339988307
KI,29,all,27452,0.19763364528022898,0.21278248285828943,0.015148837578060459
KI,29,activity_in_2_12,27034,0.19510610213785962,0.2092837633732676,0.014177661235407979
KI,29,no_data_validity_comment,26510,0.19160634048426411,0.21091272836797556,0.019306387883711446
KI,29,no_potential_duplicate_flag,1958,0.352628559943842,0.3532255168324752,0.0005969568886332044
KI,29,publication_only,19594,0.24748643020244476,0.2686709010410117,0.02118447083856695
KI,29,target_confidence_9,27452,0.19763364528022898,0.21278248285828943,0.015148837578060459
KI,29,single_protein_target,27452,0.19763364528022898,0.21278248285828943,0.015148837578060459
KI,29,assay_n_ge_50,7062,0.06785836234171617,0.06798883804588075,0.00013047570416457877
KI,29,assay_n_ge_100,5748,0.07402468010709891,0.0740147299660552,-9.950141043713057e-06
KI,29,pair_support_ge_5,21366,0.1522254494876431,0.16968141141552234,0.017455961927879238
KI,29,pair_support_ge_10,19648,0.13955138514745286,0.1580038786184456,0.01845249347099273
KI,29,pair_support_ge_20,13146,0.08217569360881863,0.09535455089074917,0.013178857281930537
KI,31,all,56080,0.15548865138824966,0.15712434217079208,0.001635690782542415
KI,31,activity_in_2_12,55834,0.15217113810381133,0.1537959501798668,0.0016248120760554707
KI,31,no_data_validity_comment,54932,0.14228625953311563,0.1439247247644495,0.0016384652313338743
KI,31,no_potential_duplicate_flag,1934,0.3656560966693583,0.36288007312059023,-0.0027760235487680474
KI,31,publication_only,48784,0.16658887522796398,0.16832110777013415,0.00173223254217017
KI,31,target_confidence_9,56080,0.15548865138824966,0.15712434217079208,0.001635690782542415
KI,31,single_protein_target,56080,0.15548865138824966,0.15712434217079208,0.001635690782542415
KI,31,assay_n_ge_50,6646,0.07370979934672672,0.07373202880651365,2.2229459786929362e-05
KI,31,assay_n_ge_100,5404,0.07736486547004494,0.0773437585200329,-2.110695001203422e-05
KI,31,pair_support_ge_5,22122,0.14006769770374222,0.1447365436429506,0.0046688459392083825
KI,31,pair_support_ge_10,20008,0.13847553994094924,0.1435230813151287,0.005047541374179454
KI,31,pair_support_ge_20,12802,0.09974840804851162,0.10074689824856878,0.000998490200057156
KD,13,all,1486,0.2236239302394273,0.22800449050160604,0.004380560262178729
KD,13,activity_in_2_12,1486,0.2236239302394273,0.22800449050160604,0.004380560262178729
KD,13,no_data_validity_comment,1440,0.2212650163053659,0.22515931524881702,0.0038942989434511133
KD,13,no_potential_duplicate_flag,714,0.36867594864034975,0.3726436037125169,0.0039676550721671755
KD,13,publication_only,1038,0.30314605127684296,0.3090152538509749,0.0058692025741319265
KD,13,target_confidence_9,1486,0.2236239302394273,0.22800449050160604,0.004380560262178729
KD,13,single_protein_target,1486,0.2236239302394273,0.22800449050160604,0.004380560262178729
KD,13,assay_n_ge_50,680,0.12587096467901265,0.12587096467901682,4.163336342344337e-15
KD,13,assay_n_ge_100,402,2.7750052117993962e-15,9.739031029945651e-15,6.964025818146255e-15
KD,13,pair_support_ge_5,1414,0.20586168365592292,0.20931208481012414,0.003450401154201227
KD,13,pair_support_ge_10,1208,0.19256669835372936,0.1958602119492875,0.0032935135955581285
KD,13,pair_support_ge_20,792,0.14336933250835746,0.14189810491864602,-0.001471227589711438
KD,17,all,1490,0.22278404013313208,0.22608413693371912,0.0033000968005870435
KD,17,activity_in_2_12,1490,0.22278404013313208,0.22608413693371912,0.0033000968005870435
KD,17,no_data_validity_comment,1426,0.21497380164547567,0.2184062073042109,0.0034324056587352325
KD,17,no_potential_duplicate_flag,708,0.3535710389023391,0.35787431361338456,0.004303274711045468
KD,17,publication_only,1002,0.3116963803739685,0.31665650759555347,0.0049601272215849534
KD,17,target_confidence_9,1490,0.22278404013313208,0.22608413693371912,0.0033000968005870435
KD,17,single_protein_target,1490,0.22278404013313208,0.22608413693371912,0.0033000968005870435
KD,17,assay_n_ge_50,734,0.1304275289250632,0.13042752892506654,3.3306690738754696e-15
KD,17,assay_n_ge_100,430,6.568389243363717e-15,1.2227944754941259e-14,5.659555511577542e-15
KD,17,pair_support_ge_5,1414,0.21525516803565078,0.215308468572608,5.3300536957207045e-05
KD,17,pair_support_ge_10,1354,0.20820208406861207,0.20825774652005782,5.566245144575377e-05
KD,17,pair_support_ge_20,884,0.16289209345816133,0.16290167112231013,9.577664148802123e-06
KD,23,all,1716,0.22832750424688353,0.22373662001981248,-0.004590884227071046
KD,23,activity_in_2_12,1716,0.22832750424688353,0.22373662001981248,-0.004590884227071046
KD,23,no_data_validity_comment,1638,0.21976751745006176,0.21509685109047308,-0.004670666359588682
KD,23,no_potential_duplicate_flag,754,0.37008700059529775,0.3749054379418555,0.004818437346557736
KD,23,publication_only,1134,0.31832944207321034,0.31661660739412195,-0.001712834679088393
KD,23,target_confidence_9,1716,0.22832750424688353,0.22373662001981248,-0.004590884227071046
KD,23,single_protein_target,1716,0.22832750424688353,0.22373662001981248,-0.004590884227071046
KD,23,assay_n_ge_50,834,0.1355647754308507,0.13556477543085296,2.275957200481571e-15
KD,23,assay_n_ge_100,516,1.8245525676010325e-15,5.473657702803098e-15,3.649105135202065e-15
KD,23,pair_support_ge_5,1588,0.21399978656555002,0.21032990041117428,-0.0036698861543757455
KD,23,pair_support_ge_10,1418,0.21255413710890506,0.2109581455811093,-0.0015959915277957426
KD,23,pair_support_ge_20,982,0.15917883511176267,0.15924530700574008,6.64718939774045e-05
KD,29,all,1588,0.23156747641245617,0.2275156567109335,-0.004051819701522685
KD,29,activity_in_2_12,1588,0.23156747641245617,0.2275156567109335,-0.004051819701522685
KD,29,no_data_validity_comment,1540,0.22839668768537513,0.22610708111512437,-0.002289606570250763
KD,29,no_potential_duplicate_flag,782,0.3527248509027151,0.35155714624398837,-0.0011677046587267315
KD,29,publication_only,1116,0.3095433810617334,0.304603141440424,-0.004940239621309406
KD,29,target_confidence_9,1588,0.23156747641245617,0.2275156567109335,-0.004051819701522685
KD,29,single_protein_target,1588,0.23156747641245617,0.2275156567109335,-0.004051819701522685
KD,29,assay_n_ge_50,728,0.13543563760102562,0.13535529696179338,-8.034063923223478e-05
KD,29,assay_n_ge_100,416,1.0043248284301417e-14,1.3613042317326919e-14,3.5697940330255025e-15
KD,29,pair_support_ge_5,1542,0.2238982964354124,0.2234005007921036,-0.0004977956433087904
KD,29,pair_support_ge_10,1374,0.22436209691761141,0.2241968723534459,-0.00016522456416551146
KD,29,pair_support_ge_20,890,0.16489226745955834,0.16417300502576768,-0.0007192624337906683
KD,31,all,1662,0.2370755530609532,0.24098687409673153,0.00391132103577832
KD,31,activity_in_2_12,1662,0.2370755530609532,0.24098687409673153,0.00391132103577832
KD,31,no_data_validity_comment,1614,0.23560135934452106,0.2384638432258667,0.0028624838813456344
KD,31,no_potential_duplicate_flag,744,0.36304664112142476,0.3617442399163533,-0.0013024012050714684
KD,31,publication_only,1154,0.3143976881668391,0.3181724082657991,0.003774720098960016
KD,31,target_confidence_9,1662,0.2370755530609532,0.24098687409673153,0.00391132103577832
KD,31,single_protein_target,1662,0.2370755530609532,0.24098687409673153,0.00391132103577832
KD,31,assay_n_ge_50,776,0.15189813723838788,0.15189813723838802,1.3877787807814457e-16
KD,31,assay_n_ge_100,446,8.252491863760805e-15,8.507395087351871e-15,2.549032235910665e-16
KD,31,pair_support_ge_5,1550,0.22675791137353643,0.23098681683824082,0.004228905464704391
KD,31,pair_support_ge_10,1380,0.2249830359587491,0.2249830359587492,8.326672684688674e-17
KD,31,pair_support_ge_20,934,0.1767339891182259,0.176733989118226,8.326672684688674e-17
EC50,13,all,6352,0.12758125740820167,0.12899976605073146,0.0014185086425297921
EC50,13,activity_in_2_12,6334,0.1278107772890485,0.12933150688726422,0.0015207295982157254
EC50,13,no_data_validity_comment,6242,0.12523042895795794,0.1265171791670201,0.0012867502090621596
EC50,13,no_potential_duplicate_flag,1812,0.33780221838080376,0.3402072798108253,0.00240506143002156
EC50,13,publication_only,1784,0.3479715318519435,0.35445493905980624,0.006483407207862724
EC50,13,target_confidence_9,6352,0.12758125740820167,0.12899976605073146,0.0014185086425297921
EC50,13,single_protein_target,6352,0.12758125740820167,0.12899976605073146,0.0014185086425297921
EC50,13,assay_n_ge_50,4294,0.03968794242734966,0.03975792984573371,6.998741838405015e-05
EC50,13,assay_n_ge_100,3664,0.026633631754407416,0.026748145475094035,0.00011451372068661814
EC50,13,pair_support_ge_5,5864,0.09513577131659728,0.09581939892444762,0.0006836276078503317
EC50,13,pair_support_ge_10,5714,0.09283406876418825,0.09353584611653683,0.0007017773523485815
EC50,13,pair_support_ge_20,5014,0.06950691769607088,0.06963004555910872,0.0001231278630378363
EC50,17,all,7290,0.2017517821020692,0.21169814258100106,0.009946360478931854
EC50,17,activity_in_2_12,7266,0.20231391717000996,0.2123685889839013,0.01005467181389133
EC50,17,no_data_validity_comment,7140,0.1998783518842812,0.2103269859415756,0.010448634057294376
EC50,17,no_potential_duplicate_flag,2122,0.3831980235261913,0.39565446894926926,0.012456445423077944
EC50,17,publication_only,3034,0.4450695133842412,0.46690887866621456,0.021839365281973333
EC50,17,target_confidence_9,7290,0.2017517821020692,0.21169814258100106,0.009946360478931854
EC50,17,single_protein_target,7290,0.2017517821020692,0.21169814258100106,0.009946360478931854
EC50,17,assay_n_ge_50,4024,0.027594059284256768,0.0292497605202659,0.0016557012360091314
EC50,17,assay_n_ge_100,3390,0.01564722371591377,0.018271860744006836,0.002624637028093065
EC50,17,pair_support_ge_5,5644,0.0984291560563782,0.10207687874197506,0.003647722685596863
EC50,17,pair_support_ge_10,5522,0.0967028898625461,0.09796226233163209,0.001259372469085987
EC50,17,pair_support_ge_20,4706,0.0626179479734411,0.06361330040959365,0.0009953524361525495
EC50,23,all,6974,0.1624056052021561,0.16781468105322503,0.005409075851068923
EC50,23,activity_in_2_12,6948,0.16035435866634778,0.16562652134428058,0.00527216267793279
EC50,23,no_data_validity_comment,6790,0.14927090296488038,0.1544850739947199,0.005214171029839509
EC50,23,no_potential_duplicate_flag,1996,0.38524773265012713,0.39391280910723353,0.008665076457106402
EC50,23,publication_only,2066,0.47627674038757734,0.49314247819482593,0.016865737807248593
EC50,23,target_confidence_9,6974,0.1624056052021561,0.16781468105322503,0.005409075851068923
EC50,23,single_protein_target,6974,0.1624056052021561,0.16781468105322503,0.005409075851068923
EC50,23,assay_n_ge_50,4674,0.030778098400645125,0.031608123162219365,0.0008300247615742398
EC50,23,assay_n_ge_100,4084,0.018199513969469647,0.019492448943842288,0.0012929349743726407
EC50,23,pair_support_ge_5,6390,0.10778120548878954,0.10899864427974622,0.0012174387909566764
EC50,23,pair_support_ge_10,6300,0.10787394176251744,0.10910877253620208,0.0012348307736846365
EC50,23,pair_support_ge_20,5602,0.08468315132650145,0.08550520345837731,0.0008220521318758611
EC50,29,all,6874,0.19227144548760108,0.1937898900287368,0.0015184445411357272
EC50,29,activity_in_2_12,6842,0.19287152455564963,0.19464361755469956,0.001772092999049929
EC50,29,no_data_validity_comment,6664,0.1746581944827227,0.177116037168201,0.002457842685478301
EC50,29,no_potential_duplicate_flag,2214,0.4000938811713216,0.400180298360103,8.641718878138471e-05
EC50,29,publication_only,2610,0.44128553205332205,0.44558678126378426,0.00430124921046221
EC50,29,target_confidence_9,6874,0.19227144548760108,0.1937898900287368,0.0015184445411357272
EC50,29,single_protein_target,6874,0.19227144548760108,0.1937898900287368,0.0015184445411357272
EC50,29,assay_n_ge_50,4068,0.040132455686270725,0.0409396792790987,0.000807223592827977
EC50,29,assay_n_ge_100,3456,0.027479071082982684,0.028553339976646146,0.0010742688936634624
EC50,29,pair_support_ge_5,5880,0.11955047703005789,0.12036926273540956,0.0008187857053516684
EC50,29,pair_support_ge_10,5738,0.11663626320241896,0.11747531164220076,0.0008390484397818032
EC50,29,pair_support_ge_20,4880,0.07335924305789945,0.07411833104119472,0.0007590879832952702
EC50,31,all,6922,0.15558776532190216,0.16334246073728875,0.007754695415386592
EC50,31,activity_in_2_12,6890,0.15614690351892443,0.16396306522413887,0.00781616170521443
EC50,31,no_data_validity_comment,6732,0.15297910194088205,0.16062636159995666,0.007647259659074618
EC50,31,no_potential_duplicate_flag,2058,0.334702011636468,0.3507343213496668,0.0160323097131988
EC50,31,publication_only,2488,0.373502976447758,0.39386305519971937,0.020360078751961386
EC50,31,target_confidence_9,6922,0.15558776532190216,0.16334246073728875,0.007754695415386592
EC50,31,single_protein_target,6922,0.15558776532190216,0.16334246073728875,0.007754695415386592
EC50,31,assay_n_ge_50,4232,0.03514548438901709,0.03522757153249166,8.208714347457402e-05
EC50,31,assay_n_ge_100,3520,0.024811395996718177,0.025346175364031952,0.0005347793673137757
EC50,31,pair_support_ge_5,5928,0.09725519935103401,0.10157558342574159,0.004320384074707584
EC50,31,pair_support_ge_10,5768,0.09503198221551455,0.09858270757235968,0.0035507253568451275
EC50,31,pair_support_ge_20,5082,0.06863988728890955,0.07162221730413128,0.002982330015221732
