scenario,route_group,source_type,method,scope,n_runs,mean_mae,std_mae,mean_rmse,std_rmse,mean_bias,mean_n,mean_groups
all,classic,ours_rerun_same_split,identity_bias,micro,20,0.20992177044925953,0.0403606871391159,0.46599456922168436,0.048659670781868655,-1.4762408520481855e-18,24633.1,1.0
all,classic,ours_rerun_same_split,identity_bias,macro_target,20,0.2783402470759374,0.07486627688214066,0.35970663159259925,0.07930536502509529,-1.3444212743099219e-18,24633.1,243.6
all,classic,ours_rerun_same_split,identity_bias,macro_assay_pair,20,0.361640004569047,0.11177466734995688,0.38444811748074476,0.11442370364760722,-1.7555861764761675e-18,24633.1,9280.1
all,classic,ours_rerun_same_split,pair_affine_bias_fallback,micro,20,0.1954722358639092,0.0331608803696988,0.44743424180869146,0.05853251845195966,-0.0009534149970763132,24633.1,1.0
all,classic,ours_rerun_same_split,pair_affine_bias_fallback,macro_target,20,0.2555643910825959,0.06942234603101234,0.33873556650477177,0.0774032532336982,-0.0008990173248639699,24633.1,243.6
all,classic,ours_rerun_same_split,pair_affine_bias_fallback,macro_assay_pair,20,0.34987780686981595,0.10801515022943486,0.37224894484777354,0.11010344717397953,-0.004708145071722389,24633.1,9280.1
all,classic,ours_rerun_same_split,pair_isotonic,micro,20,0.22727413553948944,0.04477073423753237,0.4690325219561016,0.06347694179055346,-0.01797548296365208,24633.1,1.0
all,classic,ours_rerun_same_split,pair_isotonic,macro_target,20,0.33881223205079836,0.10304451933887752,0.4346386411263369,0.10974336550971166,0.012452226198911369,24633.1,243.6
all,classic,ours_rerun_same_split,pair_isotonic,macro_assay_pair,20,0.4092003904128583,0.044181910441019656,0.43575290728012267,0.047765770717258585,-0.02950470912774498,24633.1,9280.1
all,direct_competitor,ours_rerun_same_split,calibration_grid_selector_micro,micro,20,0.1963233772925663,0.03571899154407294,0.4504905500091567,0.05580835846549148,-0.0003018021457923051,24633.1,1.0
all,direct_competitor,ours_rerun_same_split,calibration_grid_selector_micro,macro_target,20,0.26984797618250733,0.08035667732317767,0.35397687143090145,0.08590904220806851,0.0024583200783743057,24633.1,243.6
all,direct_competitor,ours_rerun_same_split,calibration_grid_selector_micro,macro_assay_pair,20,0.35528801822614675,0.10339803663460526,0.3773975713082586,0.10584837766372404,-0.0017007914171846064,24633.1,9280.1
all,method_comparison,ours_rerun_same_split,robust_trimmed_bias_fallback,micro,20,0.18995988934355704,0.03593472691100689,0.4572602295974967,0.06793711722651286,0.0006805455379188908,24633.1,1.0
all,method_comparison,ours_rerun_same_split,robust_trimmed_bias_fallback,macro_target,20,0.25413167108366597,0.07618148739300887,0.3442533522495818,0.08607591153879282,-0.0008551832015388512,24633.1,243.6
all,method_comparison,ours_rerun_same_split,robust_trimmed_bias_fallback,macro_assay_pair,20,0.34799743220117607,0.10953033274577896,0.3732945006146477,0.11111433179220236,-0.0031883978577283735,24633.1,9280.1
all,missing_modality,ours_rerun_same_split,missing_metadata_pair_or_global_delta,micro,20,0.19867611797128096,0.03420810512122713,0.4652791255737525,0.06590230812569245,-0.0009534149970763132,24633.1,1.0
all,missing_modality,ours_rerun_same_split,missing_metadata_pair_or_global_delta,macro_target,20,0.27415050348394476,0.08656880907117451,0.3615102954093219,0.09204524835188956,-0.0008990173248639687,24633.1,243.6
all,missing_modality,ours_rerun_same_split,missing_metadata_pair_or_global_delta,macro_assay_pair,20,0.3581715448306215,0.10234255731873337,0.38054600921225157,0.10458493419061551,-0.004708145071722387,24633.1,9280.1
all,modern_assay_context,ours_rerun_same_split_surrogate,assay_context_pair_or_knn_k5,micro,20,0.2840048049572502,0.07611158833846801,1.096777077288748,0.8885526797042957,-0.012078451404565978,24633.1,1.0
all,modern_assay_context,ours_rerun_same_split_surrogate,assay_context_pair_or_knn_k5,macro_target,20,0.4408091935568918,0.08318356681463382,0.6554113247423988,0.1718467170608738,-0.0031802617165225234,24633.1,243.6
all,modern_assay_context,ours_rerun_same_split_surrogate,assay_context_pair_or_knn_k5,macro_assay_pair,20,0.6020998494835729,0.24769712324520105,0.6264609730293735,0.24680987576973,-0.033542916317611,24633.1,9280.1
all,modern_assay_context,ours_rerun_same_split_surrogate,assay_context_pair_or_ridge,micro,20,0.26581733950746467,0.09149403979920051,0.5505671432502026,0.13510708774192406,-0.0009534643077217004,24633.1,1.0
all,modern_assay_context,ours_rerun_same_split_surrogate,assay_context_pair_or_ridge,macro_target,20,0.35577350599844026,0.06615665620672824,0.45325206963052167,0.07466883682926918,-0.0008988897531648002,24633.1,243.6
all,modern_assay_context,ours_rerun_same_split_surrogate,assay_context_pair_or_ridge,macro_assay_pair,20,0.5076146910318224,0.10740170831509509,0.5297512692593674,0.10449253294900823,-0.004708191379766693,24633.1,9280.1
all,ours,ours_main_same_split,gauge_calibration_selector_micro,micro,20,0.19339644480983045,0.03574101910599563,0.4394500876531179,0.05745170602792971,0.0009092912670946883,24633.1,1.0
all,ours,ours_main_same_split,gauge_calibration_selector_micro,macro_target,20,0.2660054162687683,0.0767798645068842,0.34663286248669334,0.08215919652404102,0.003801584635240983,24633.1,243.6
all,ours,ours_main_same_split,gauge_calibration_selector_micro,macro_assay_pair,20,0.347207100588513,0.10310524619154401,0.3694904649339153,0.10547582344690001,0.005680613241755355,24633.1,9280.1
all,ours,ours_main_same_split,somol_gauge_graph_blend_micro,micro,20,0.1921614255995518,0.03513483180190523,0.43731748704086026,0.057324205221855294,-1.7650766840341096e-05,24633.1,1.0
all,ours,ours_main_same_split,somol_gauge_graph_blend_micro,macro_target,20,0.2636332443964709,0.07782088070352378,0.34472553258665756,0.08271619625105196,0.0038796065484901104,24633.1,243.6
all,ours,ours_main_same_split,somol_gauge_graph_blend_micro,macro_assay_pair,20,0.3434052261956034,0.10446779855577451,0.3656758501853293,0.10663965236660802,0.0018995990611132593,24633.1,9280.1
all,ours,ours_main_same_split,somol_guarded_stack_micro,micro,20,0.1911296661715402,0.03419818770567032,0.4341696777365825,0.056244600021804037,-0.0008368219646825465,24633.1,1.0
all,ours,ours_main_same_split,somol_guarded_stack_micro,macro_target,20,0.25872993064189814,0.0721278262458668,0.3391892458044202,0.07728873447933567,0.0012941962330468857,24633.1,243.6
all,ours,ours_main_same_split,somol_guarded_stack_micro,macro_assay_pair,20,0.33916189384807444,0.10159270690850533,0.3613775246707661,0.10372885558361039,-0.0018618182963801473,24633.1,9280.1
all,ours,ours_main_same_split,somol_robust_blend_bucket,micro,20,0.18676573207092595,0.03537059402734262,0.43797254865166524,0.06011705343072626,-1.632285938952811e-05,24633.1,1.0
all,ours,ours_main_same_split,somol_robust_blend_bucket,macro_target,20,0.25509135431494767,0.07143651566868292,0.3392694115354383,0.07754714567072636,0.0026452877351259138,24633.1,243.6
all,ours,ours_main_same_split,somol_robust_blend_bucket,macro_assay_pair,20,0.33711726041991874,0.10221402503237198,0.36097321826491685,0.10409024852893858,-0.001548312634800591,24633.1,9280.1
all,ours,ours_main_same_split,somol_stack_micro,micro,20,0.19159298853632437,0.03483539594106772,0.43527741768444833,0.05594696144232571,-0.00044454068939462504,24633.1,1.0
all,ours,ours_main_same_split,somol_stack_micro,macro_target,20,0.2633242014127548,0.07740763770986339,0.34431795689917816,0.08207749560753519,0.003541564602679479,24633.1,243.6
all,ours,ours_main_same_split,somol_stack_micro,macro_assay_pair,20,0.34096137168803803,0.10139694134977642,0.3631638138030223,0.10373644528388314,-0.00010327780447430944,24633.1,9280.1
all,ours_ablation,ours_ablation_same_split,graph_gauge_calibration_selector,micro,20,0.19338165507496977,0.035040024554055485,0.44224143762311163,0.05852117007238361,-0.0003116412578561308,24633.1,1.0
all,ours_ablation,ours_ablation_same_split,graph_gauge_calibration_selector,macro_target,20,0.26257559730669267,0.07867462198586463,0.3441770883293021,0.08427882563995764,0.004036375765099234,24633.1,243.6
all,ours_ablation,ours_ablation_same_split,graph_gauge_calibration_selector,macro_assay_pair,20,0.346726620454885,0.1039858087313518,0.36914517783208034,0.10582142693513477,0.000678671691049431,24633.1,9280.1
assay_node_low_degree_1_9,classic,ours_rerun_same_split,identity_bias,macro_target,20,0.31949358931598854,0.05971848845734229,0.3677701571568992,0.06309499162517497,-3.912776992744082e-19,809.8,69.65
assay_node_low_degree_1_9,classic,ours_rerun_same_split,identity_bias,micro,20,0.3955510540661218,0.1894802663751495,0.6780006593038002,0.25584230967475113,1.812128389767425e-19,809.8,1.0
assay_node_low_degree_1_9,classic,ours_rerun_same_split,identity_bias,macro_assay_pair,20,0.41561189349550987,0.200222459937463,0.41798190540363017,0.20060289144671808,1.8286844805174687e-18,809.8,752.7
assay_node_low_degree_1_9,classic,ours_rerun_same_split,pair_affine_bias_fallback,macro_target,20,0.31949358931598854,0.05971848845734229,0.3677701571568992,0.06309499162517497,-3.912776992744082e-19,809.8,69.65
assay_node_low_degree_1_9,classic,ours_rerun_same_split,pair_affine_bias_fallback,micro,20,0.3955510540661218,0.1894802663751495,0.6780006593038002,0.25584230967475113,1.812128389767425e-19,809.8,1.0
assay_node_low_degree_1_9,classic,ours_rerun_same_split,pair_affine_bias_fallback,macro_assay_pair,20,0.41561189349550987,0.200222459937463,0.41798190540363017,0.20060289144671808,1.8286844805174687e-18,809.8,752.7
assay_node_low_degree_1_9,classic,ours_rerun_same_split,pair_isotonic,micro,20,0.5776592108721419,0.17720004225693636,0.7806819257591969,0.2115705903273067,-0.02426963969019949,809.8,1.0
assay_node_low_degree_1_9,classic,ours_rerun_same_split,pair_isotonic,macro_target,20,0.5782953266659512,0.17731338809499955,0.6391602926595339,0.19254936460535044,0.025979744274484684,809.8,69.65
assay_node_low_degree_1_9,classic,ours_rerun_same_split,pair_isotonic,macro_assay_pair,20,0.5889080176483467,0.1855717777391893,0.5922375998239159,0.18699597672616747,-0.014129354935109206,809.8,752.7
assay_node_low_degree_1_9,direct_competitor,ours_rerun_same_split,calibration_grid_selector_micro,macro_target,20,0.36322599142223577,0.12152904835986185,0.41481088591422266,0.12909947196825017,-0.006650267589960149,809.8,69.65
assay_node_low_degree_1_9,direct_competitor,ours_rerun_same_split,calibration_grid_selector_micro,micro,20,0.41907326411765694,0.1897066753439313,0.7043805039891158,0.24406811400501383,-0.0073427187127950875,809.8,1.0
assay_node_low_degree_1_9,direct_competitor,ours_rerun_same_split,calibration_grid_selector_micro,macro_assay_pair,20,0.435935291517323,0.1962146736500606,0.438236620936884,0.1964617574703551,-0.010182367511074047,809.8,752.7
assay_node_low_degree_1_9,method_comparison,ours_rerun_same_split,robust_trimmed_bias_fallback,macro_target,20,0.3325812899946721,0.10838419276919421,0.3880725372419237,0.11107718824025,-0.019421651254366533,809.8,69.65
assay_node_low_degree_1_9,method_comparison,ours_rerun_same_split,robust_trimmed_bias_fallback,micro,20,0.40958354103812544,0.19391192378225153,0.7045836328045133,0.25875251127002646,-0.011759216288689922,809.8,1.0
assay_node_low_degree_1_9,method_comparison,ours_rerun_same_split,robust_trimmed_bias_fallback,macro_assay_pair,20,0.4312761559241335,0.21165937015475514,0.4351379186311757,0.2143578157623347,-0.021125202083062514,809.8,752.7
assay_node_low_degree_1_9,missing_modality,ours_rerun_same_split,missing_metadata_pair_or_global_delta,macro_target,20,0.4232891743270305,0.16855485218143276,0.47343209251693735,0.16722475421551714,0.0,809.8,69.65
assay_node_low_degree_1_9,missing_modality,ours_rerun_same_split,missing_metadata_pair_or_global_delta,micro,20,0.4513939561573957,0.19571220577364992,0.7677803838089384,0.25731353177871397,0.0,809.8,1.0
assay_node_low_degree_1_9,missing_modality,ours_rerun_same_split,missing_metadata_pair_or_global_delta,macro_assay_pair,20,0.4767243017721169,0.21792960193340108,0.4789960103593153,0.21846242985783723,7.191891250663094e-19,809.8,752.7
assay_node_low_degree_1_9,modern_assay_context,ours_rerun_same_split_surrogate,assay_context_pair_or_knn_k5,micro,20,0.9451558066136778,0.5317743972886687,3.1311579900350015,4.758645309462889,-0.045696450403989,809.8,1.0
assay_node_low_degree_1_9,modern_assay_context,ours_rerun_same_split_surrogate,assay_context_pair_or_knn_k5,macro_assay_pair,20,0.9759753983871168,0.5491105067254883,0.9795425572903353,0.5490720960284451,-0.05280537808150239,809.8,752.7
assay_node_low_degree_1_9,modern_assay_context,ours_rerun_same_split_surrogate,assay_context_pair_or_knn_k5,macro_target,20,0.9870136222059251,0.49417798376177635,1.3249871131365314,0.8861065779960924,-0.034508975165678774,809.8,69.65
assay_node_low_degree_1_9,modern_assay_context,ours_rerun_same_split_surrogate,assay_context_pair_or_ridge,macro_target,20,0.6537654043313286,0.2150998748765601,0.705808512836283,0.22868534000917112,5.549495545416491e-07,809.8,69.65
assay_node_low_degree_1_9,modern_assay_context,ours_rerun_same_split_surrogate,assay_context_pair_or_ridge,micro,20,0.7305431385063309,0.22893446143339335,1.069522398506391,0.4190647805134415,1.8228340754615296e-07,809.8,1.0
assay_node_low_degree_1_9,modern_assay_context,ours_rerun_same_split_surrogate,assay_context_pair_or_ridge,macro_assay_pair,20,0.7507468618013894,0.23239545194411593,0.7524199715274894,0.2323716473067319,1.5612431226103384e-07,809.8,752.7
assay_node_low_degree_1_9,ours,ours_main_same_split,gauge_calibration_selector_micro,macro_target,20,0.34752676410595107,0.09896123613121655,0.3889650809101046,0.0991974147670887,0.004001205414426474,809.8,69.65
assay_node_low_degree_1_9,ours,ours_main_same_split,gauge_calibration_selector_micro,micro,20,0.40895273083183953,0.19290241543902978,0.6747785353499538,0.2589146709272927,0.00891054826885343,809.8,1.0
assay_node_low_degree_1_9,ours,ours_main_same_split,gauge_calibration_selector_micro,macro_assay_pair,20,0.4272932713795944,0.20349433567188943,0.4296612680573557,0.20379269891066876,0.009184772455196312,809.8,752.7
assay_node_low_degree_1_9,ours,ours_main_same_split,somol_gauge_graph_blend_micro,macro_target,20,0.35125021379703936,0.10225423012476315,0.3947742959524548,0.10223626379034774,0.008891408048784596,809.8,69.65
assay_node_low_degree_1_9,ours,ours_main_same_split,somol_gauge_graph_blend_micro,micro,20,0.4139841589983176,0.19370757894898102,0.6760410027731683,0.26300181960854113,0.013092736619986325,809.8,1.0
assay_node_low_degree_1_9,ours,ours_main_same_split,somol_gauge_graph_blend_micro,macro_assay_pair,20,0.433644880700114,0.2047721513751352,0.43609488559369736,0.20491383805160646,0.013748422232247376,809.8,752.7
assay_node_low_degree_1_9,ours,ours_main_same_split,somol_guarded_stack_micro,macro_target,20,0.33625200133140176,0.08361055546273219,0.37920646662863855,0.08263928085285185,0.005236074179047713,809.8,69.65
assay_node_low_degree_1_9,ours,ours_main_same_split,somol_guarded_stack_micro,micro,20,0.40185381806838255,0.18588755023661294,0.6613667106065565,0.24708190160395374,0.008202732521263429,809.8,1.0
assay_node_low_degree_1_9,ours,ours_main_same_split,somol_guarded_stack_micro,macro_assay_pair,20,0.4212196286637514,0.1963476983935278,0.42367070369634563,0.19652732387460334,0.008331329020869367,809.8,752.7
assay_node_low_degree_1_9,ours,ours_main_same_split,somol_robust_blend_bucket,macro_target,20,0.33189616730208255,0.08308943070779143,0.3750950544419179,0.08223491981360345,0.004068528082487819,809.8,69.65
assay_node_low_degree_1_9,ours,ours_main_same_split,somol_robust_blend_bucket,micro,20,0.3973554737407116,0.18810790957057383,0.6598002892075104,0.2463269368985635,0.0074591657188775445,809.8,1.0
assay_node_low_degree_1_9,ours,ours_main_same_split,somol_robust_blend_bucket,macro_assay_pair,20,0.41639788653464044,0.1984906773803537,0.418854344481808,0.19872316238560112,0.007516078677829734,809.8,752.7
assay_node_low_degree_1_9,ours,ours_main_same_split,somol_stack_micro,macro_target,20,0.35006302402008105,0.10319594130097394,0.3939186381293724,0.10354249482718643,0.007165020506130717,809.8,69.65
assay_node_low_degree_1_9,ours,ours_main_same_split,somol_stack_micro,micro,20,0.41011609924712744,0.18638567717463372,0.67012204727232,0.24762665701019398,0.009424793704414416,809.8,1.0
assay_node_low_degree_1_9,ours,ours_main_same_split,somol_stack_micro,macro_assay_pair,20,0.4288412775672182,0.19628071042280118,0.4312579230734596,0.19640421989507298,0.009580638637378408,809.8,752.7
assay_node_low_degree_1_9,ours_ablation,ours_ablation_same_split,graph_gauge_calibration_selector,macro_target,20,0.3478644514595006,0.10487323537350056,0.3925995536862513,0.10882071398600975,0.01168199792787375,809.8,69.65
assay_node_low_degree_1_9,ours_ablation,ours_ablation_same_split,graph_gauge_calibration_selector,micro,20,0.4224165350112713,0.1861713520909068,0.6817830365594552,0.2658104142022998,0.0157617484932929,809.8,1.0
assay_node_low_degree_1_9,ours_ablation,ours_ablation_same_split,graph_gauge_calibration_selector,macro_assay_pair,20,0.44330306463249614,0.19691768992758754,0.44568452482772847,0.19702019038068205,0.01667173018546707,809.8,752.7
assay_node_ood_unseen,classic,ours_rerun_same_split,identity_bias,macro_target,20,0.39581962427492484,0.19612343410155242,0.4534949046036658,0.21632957771876693,0.0,3759.8,62.8
assay_node_ood_unseen,classic,ours_rerun_same_split,identity_bias,macro_assay_pair,20,0.44806822839624816,0.2821260540984133,0.4488077187983614,0.28299033575520555,-7.450385703368066e-19,3759.8,3701.7
assay_node_ood_unseen,classic,ours_rerun_same_split,identity_bias,micro,20,0.4484762398105738,0.28222873030726864,0.685684027686712,0.3673564718742644,0.0,3759.8,1.0
assay_node_ood_unseen,classic,ours_rerun_same_split,pair_affine_bias_fallback,macro_target,20,0.39581962427492484,0.19612343410155242,0.4534949046036658,0.21632957771876693,0.0,3759.8,62.8
assay_node_ood_unseen,classic,ours_rerun_same_split,pair_affine_bias_fallback,macro_assay_pair,20,0.44806822839624816,0.2821260540984133,0.4488077187983614,0.28299033575520555,-7.450385703368066e-19,3759.8,3701.7
assay_node_ood_unseen,classic,ours_rerun_same_split,pair_affine_bias_fallback,micro,20,0.4484762398105738,0.28222873030726864,0.685684027686712,0.3673564718742644,0.0,3759.8,1.0
assay_node_ood_unseen,classic,ours_rerun_same_split,pair_isotonic,macro_target,20,0.6632617292216096,0.40860966553130706,0.7244281879195151,0.4058080695514299,0.0525815948031671,3759.8,62.8
assay_node_ood_unseen,classic,ours_rerun_same_split,pair_isotonic,micro,20,0.6667695936520959,0.39344532884027617,0.8642881232207562,0.46429695941897214,0.012446177219456539,3759.8,1.0
assay_node_ood_unseen,classic,ours_rerun_same_split,pair_isotonic,macro_assay_pair,20,0.6749448766288528,0.4105567391805136,0.6756682080401994,0.41108016150083837,0.02450512511619125,3759.8,3701.7
assay_node_ood_unseen,direct_competitor,ours_rerun_same_split,calibration_grid_selector_micro,macro_target,20,0.4755449609664538,0.34336137674186334,0.536783389854883,0.35661876892681743,0.06664901089495513,3759.8,62.8
assay_node_ood_unseen,direct_competitor,ours_rerun_same_split,calibration_grid_selector_micro,macro_assay_pair,20,0.513181501316469,0.38248576076115115,0.5137690732512702,0.3828257562331491,0.052922741717301935,3759.8,3701.7
assay_node_ood_unseen,direct_competitor,ours_rerun_same_split,calibration_grid_selector_micro,micro,20,0.514292252487471,0.38321057900194805,0.7380693406241278,0.45579770922460444,0.05302340247172062,3759.8,1.0
assay_node_ood_unseen,method_comparison,ours_rerun_same_split,robust_trimmed_bias_fallback,macro_target,20,0.39581962427492484,0.19612343410155242,0.4534949046036658,0.21632957771876693,0.0,3759.8,62.8
assay_node_ood_unseen,method_comparison,ours_rerun_same_split,robust_trimmed_bias_fallback,macro_assay_pair,20,0.44806822839624816,0.2821260540984133,0.4488077187983614,0.28299033575520555,-7.450385703368066e-19,3759.8,3701.7
assay_node_ood_unseen,method_comparison,ours_rerun_same_split,robust_trimmed_bias_fallback,micro,20,0.4484762398105738,0.28222873030726864,0.685684027686712,0.3673564718742644,0.0,3759.8,1.0
assay_node_ood_unseen,missing_modality,ours_rerun_same_split,missing_metadata_pair_or_global_delta,macro_target,20,0.39581962427492484,0.19612343410155242,0.4534949046036658,0.21632957771876693,0.0,3759.8,62.8
assay_node_ood_unseen,missing_modality,ours_rerun_same_split,missing_metadata_pair_or_global_delta,macro_assay_pair,20,0.44806822839624816,0.2821260540984133,0.4488077187983614,0.28299033575520555,-7.450385703368066e-19,3759.8,3701.7
assay_node_ood_unseen,missing_modality,ours_rerun_same_split,missing_metadata_pair_or_global_delta,micro,20,0.4484762398105738,0.28222873030726864,0.685684027686712,0.3673564718742644,0.0,3759.8,1.0
assay_node_ood_unseen,modern_assay_context,ours_rerun_same_split_surrogate,assay_context_pair_or_knn_k5,micro,20,0.9081829944163298,0.4178037744227804,2.0350761818563146,1.057159145694055,-0.040384322206039006,3759.8,1.0
assay_node_ood_unseen,modern_assay_context,ours_rerun_same_split_surrogate,assay_context_pair_or_knn_k5,macro_assay_pair,20,0.9168517913768884,0.42259623284625386,0.9187064250463436,0.4231410660645334,-0.0410479594285975,3759.8,3701.7
assay_node_ood_unseen,modern_assay_context,ours_rerun_same_split_surrogate,assay_context_pair_or_knn_k5,macro_target,20,1.032731873285654,0.4269863810102463,1.4127192540532585,0.6312819535929463,-0.014716221898288195,3759.8,62.8
assay_node_ood_unseen,modern_assay_context,ours_rerun_same_split_surrogate,assay_context_pair_or_ridge,macro_target,20,0.7361686183305592,0.25681217363370923,0.8105493151092318,0.2913360756127074,2.0125579655307004e-07,3759.8,62.8
assay_node_ood_unseen,modern_assay_context,ours_rerun_same_split_surrogate,assay_context_pair_or_ridge,micro,20,0.745754375043898,0.2844997445614148,1.0166751242850183,0.3962712223029457,7.557181441133759e-07,3759.8,1.0
assay_node_ood_unseen,modern_assay_context,ours_rerun_same_split_surrogate,assay_context_pair_or_ridge,macro_assay_pair,20,0.7510863148164669,0.2876770892555013,0.7520547428666742,0.2879718684339585,7.321923577684512e-07,3759.8,3701.7
assay_node_ood_unseen,ours,ours_main_same_split,gauge_calibration_selector_micro,macro_target,20,0.4632127217157797,0.33970794238254964,0.5211977672877778,0.3517593871465395,0.07774348871894152,3759.8,62.8
assay_node_ood_unseen,ours,ours_main_same_split,gauge_calibration_selector_micro,macro_assay_pair,20,0.5081575707504398,0.3785191657874937,0.5088804831986793,0.37892704280585515,0.0754987478015369,3759.8,3701.7
assay_node_ood_unseen,ours,ours_main_same_split,gauge_calibration_selector_micro,micro,20,0.5100116727413301,0.3788328533899544,0.7411841168017936,0.45661611139717373,0.07537450435125256,3759.8,1.0
assay_node_ood_unseen,ours,ours_main_same_split,somol_gauge_graph_blend_micro,macro_target,20,0.4650209873796044,0.33705671913658936,0.5247295896789861,0.34653200170293574,0.07623475227293355,3759.8,62.8
assay_node_ood_unseen,ours,ours_main_same_split,somol_gauge_graph_blend_micro,macro_assay_pair,20,0.5078636595254772,0.3763423144910887,0.5085821222635292,0.37671443757497686,0.07395558236976296,3759.8,3701.7
assay_node_ood_unseen,ours,ours_main_same_split,somol_gauge_graph_blend_micro,micro,20,0.5100121753930705,0.3764688997303214,0.7420809128791779,0.45030893989427817,0.07388583639657768,3759.8,1.0
assay_node_ood_unseen,ours,ours_main_same_split,somol_guarded_stack_micro,macro_target,20,0.4271209704962624,0.22737522743349478,0.48415799570571066,0.23717751098101442,0.042169907838472444,3759.8,62.8
assay_node_ood_unseen,ours,ours_main_same_split,somol_guarded_stack_micro,macro_assay_pair,20,0.46900990203443566,0.2861858514025248,0.4696884984203846,0.2866989512456055,0.03787291324746535,3759.8,3701.7
assay_node_ood_unseen,ours,ours_main_same_split,somol_guarded_stack_micro,micro,20,0.4711676759124298,0.2869334516849355,0.6890196210502382,0.34556751022035875,0.0378706160039989,3759.8,1.0
assay_node_ood_unseen,ours,ours_main_same_split,somol_robust_blend_bucket,macro_target,20,0.4271164687068474,0.22737838530613458,0.48416160700528954,0.23717517148856482,0.04216990783847244,3759.8,62.8
assay_node_ood_unseen,ours,ours_main_same_split,somol_robust_blend_bucket,macro_assay_pair,20,0.4690127341641162,0.286184266059785,0.4696913305500652,0.28669736460624695,0.03787291324746535,3759.8,3701.7
assay_node_ood_unseen,ours,ours_main_same_split,somol_robust_blend_bucket,micro,20,0.4711703645165349,0.2869318968102231,0.6890519673794533,0.34554891731052595,0.0378706160039989,3759.8,1.0
assay_node_ood_unseen,ours,ours_main_same_split,somol_stack_micro,macro_target,20,0.4614668438366423,0.3373263370355765,0.5215385770983236,0.34721464640970157,0.07354722408057271,3759.8,62.8
assay_node_ood_unseen,ours,ours_main_same_split,somol_stack_micro,macro_assay_pair,20,0.5022602669847931,0.3749549547996241,0.5029340439441895,0.3752735769483357,0.06861211905661088,3759.8,3701.7
assay_node_ood_unseen,ours,ours_main_same_split,somol_stack_micro,micro,20,0.5045209493001094,0.37532593432201544,0.7343098779575745,0.44794825898543805,0.06860850764053107,3759.8,1.0
assay_node_ood_unseen,ours_ablation,ours_ablation_same_split,graph_gauge_calibration_selector,macro_target,20,0.4695588843751482,0.33788288218727663,0.5302581921314677,0.3476587185538103,0.07415258557600449,3759.8,62.8
assay_node_ood_unseen,ours_ablation,ours_ablation_same_split,graph_gauge_calibration_selector,macro_assay_pair,20,0.5102993501915323,0.37734289096344686,0.5110285630488476,0.37770511296818937,0.07126058696483376,3759.8,3701.7
assay_node_ood_unseen,ours_ablation,ours_ablation_same_split,graph_gauge_calibration_selector,micro,20,0.5124108640197391,0.3774110974568768,0.7447785386889667,0.45195528209785196,0.07124152634472597,3759.8,1.0
direct_pair_cold_start_zero,classic,ours_rerun_same_split,identity_bias,macro_target,20,0.4473928252675841,0.12173691997459625,0.5370940347201998,0.13532196896236548,0.0,5189.8,76.4
direct_pair_cold_start_zero,classic,ours_rerun_same_split,identity_bias,micro,20,0.5151186124459961,0.24837957397684648,0.8073877075874207,0.28646220086427543,0.0,5189.8,1.0
direct_pair_cold_start_zero,classic,ours_rerun_same_split,identity_bias,macro_assay_pair,20,0.5159287221205983,0.25130022510777933,0.5168402159005272,0.2515561508466516,-1.1591052301387511e-18,5189.8,5100.0
direct_pair_cold_start_zero,classic,ours_rerun_same_split,pair_affine_bias_fallback,macro_target,20,0.4473928252675841,0.12173691997459625,0.5370940347201998,0.13532196896236548,0.0,5189.8,76.4
direct_pair_cold_start_zero,classic,ours_rerun_same_split,pair_affine_bias_fallback,micro,20,0.5151186124459961,0.24837957397684648,0.8073877075874207,0.28646220086427543,0.0,5189.8,1.0
direct_pair_cold_start_zero,classic,ours_rerun_same_split,pair_affine_bias_fallback,macro_assay_pair,20,0.5159287221205983,0.25130022510777933,0.5168402159005272,0.2515561508466516,-1.1591052301387511e-18,5189.8,5100.0
direct_pair_cold_start_zero,classic,ours_rerun_same_split,pair_isotonic,micro,20,0.6234237539092525,0.22843287387506117,0.849565663116491,0.28721715305634243,0.011984929611434023,5189.8,1.0
direct_pair_cold_start_zero,classic,ours_rerun_same_split,pair_isotonic,macro_assay_pair,20,0.6246693976483475,0.23090482635624476,0.6254962168748702,0.2310319365610445,0.013449162462741842,5189.8,5100.0
direct_pair_cold_start_zero,classic,ours_rerun_same_split,pair_isotonic,macro_target,20,0.6314526006268102,0.25229893378555873,0.7075841347157896,0.2524481746310345,0.06704701660325499,5189.8,76.4
direct_pair_cold_start_zero,direct_competitor,ours_rerun_same_split,calibration_grid_selector_micro,macro_target,20,0.5250734391847489,0.2591232397492864,0.6100394240922062,0.26379865582533074,0.07280349724947287,5189.8,76.4
direct_pair_cold_start_zero,direct_competitor,ours_rerun_same_split,calibration_grid_selector_micro,macro_assay_pair,20,0.5581192945389979,0.27793582400727235,0.558815187625137,0.27817177226266127,0.040129932837085734,5189.8,5100.0
direct_pair_cold_start_zero,direct_competitor,ours_rerun_same_split,calibration_grid_selector_micro,micro,20,0.5590487759199304,0.27811098003293566,0.8323705911994596,0.2941666708653591,0.04203283209810693,5189.8,1.0
direct_pair_cold_start_zero,method_comparison,ours_rerun_same_split,robust_trimmed_bias_fallback,macro_target,20,0.4473928252675841,0.12173691997459625,0.5370940347201998,0.13532196896236548,0.0,5189.8,76.4
direct_pair_cold_start_zero,method_comparison,ours_rerun_same_split,robust_trimmed_bias_fallback,micro,20,0.5151186124459961,0.24837957397684648,0.8073877075874207,0.28646220086427543,0.0,5189.8,1.0
direct_pair_cold_start_zero,method_comparison,ours_rerun_same_split,robust_trimmed_bias_fallback,macro_assay_pair,20,0.5159287221205983,0.25130022510777933,0.5168402159005272,0.2515561508466516,-1.1591052301387511e-18,5189.8,5100.0
direct_pair_cold_start_zero,missing_modality,ours_rerun_same_split,missing_metadata_pair_or_global_delta,macro_target,20,0.4473928252675841,0.12173691997459625,0.5370940347201998,0.13532196896236548,0.0,5189.8,76.4
direct_pair_cold_start_zero,missing_modality,ours_rerun_same_split,missing_metadata_pair_or_global_delta,micro,20,0.5151186124459961,0.24837957397684648,0.8073877075874207,0.28646220086427543,0.0,5189.8,1.0
direct_pair_cold_start_zero,missing_modality,ours_rerun_same_split,missing_metadata_pair_or_global_delta,macro_assay_pair,20,0.5159287221205983,0.25130022510777933,0.5168402159005272,0.2515561508466516,-1.1591052301387511e-18,5189.8,5100.0
direct_pair_cold_start_zero,modern_assay_context,ours_rerun_same_split_surrogate,assay_context_pair_or_knn_k5,micro,20,0.9272220156781508,0.41520167985423234,2.27990131716293,1.6345334924130523,-0.07881311419661174,5189.8,1.0
direct_pair_cold_start_zero,modern_assay_context,ours_rerun_same_split_surrogate,assay_context_pair_or_knn_k5,macro_assay_pair,20,0.9317748190490992,0.4184738643027054,0.933730949960518,0.41876065671292906,-0.08007384260094698,5189.8,5100.0
direct_pair_cold_start_zero,modern_assay_context,ours_rerun_same_split_surrogate,assay_context_pair_or_knn_k5,macro_target,20,1.036928732016086,0.37208598742033716,1.4639268593896486,0.6443908485850349,-0.026914286135795808,5189.8,76.4
direct_pair_cold_start_zero,modern_assay_context,ours_rerun_same_split_surrogate,assay_context_pair_or_ridge,macro_target,20,0.7839504541735914,0.17615152132402462,0.8806119046006483,0.20075091748701052,2.481161079456001e-07,5189.8,76.4
direct_pair_cold_start_zero,modern_assay_context,ours_rerun_same_split_surrogate,assay_context_pair_or_ridge,micro,20,0.8168924089389517,0.18557005256625406,1.1290750974635992,0.30307955922339763,1.55434586036472e-07,5189.8,1.0
direct_pair_cold_start_zero,modern_assay_context,ours_rerun_same_split_surrogate,assay_context_pair_or_ridge,macro_assay_pair,20,0.8217962303361617,0.18954469392593226,0.8226680167585222,0.18984520448360676,1.458266277372573e-07,5189.8,5100.0
direct_pair_cold_start_zero,ours,ours_main_same_split,gauge_calibration_selector_micro,macro_target,20,0.4967282813784233,0.27217311277865147,0.5661137980233961,0.2844070378118162,0.08465611067834919,5189.8,76.4
direct_pair_cold_start_zero,ours,ours_main_same_split,gauge_calibration_selector_micro,macro_assay_pair,20,0.5454832250654038,0.3013660036808193,0.5462383700280318,0.3016728727258011,0.06557247603129168,5189.8,5100.0
direct_pair_cold_start_zero,ours,ours_main_same_split,gauge_calibration_selector_micro,micro,20,0.5460857161696816,0.29973773252997366,0.7994123189330445,0.353322291055434,0.06707433668914406,5189.8,1.0
direct_pair_cold_start_zero,ours,ours_main_same_split,somol_gauge_graph_blend_micro,macro_target,20,0.4727729130377142,0.24902123604299004,0.5454035407486824,0.25697019959395856,0.05648247494322568,5189.8,76.4
direct_pair_cold_start_zero,ours,ours_main_same_split,somol_gauge_graph_blend_micro,micro,20,0.528101304482729,0.29406608854888405,0.7783129770402947,0.34394230286967586,0.045445822976425396,5189.8,1.0
direct_pair_cold_start_zero,ours,ours_main_same_split,somol_gauge_graph_blend_micro,macro_assay_pair,20,0.5285758474711686,0.2971448910396658,0.5293642358015808,0.2973288393448791,0.04545752871798396,5189.8,5100.0
direct_pair_cold_start_zero,ours,ours_main_same_split,somol_guarded_stack_micro,macro_target,20,0.4472592574424804,0.15797172743478305,0.5225289873817296,0.16957010823482638,0.030581784041183314,5189.8,76.4
direct_pair_cold_start_zero,ours,ours_main_same_split,somol_guarded_stack_micro,micro,20,0.5048142528897089,0.2501411205692798,0.7548282547207795,0.29153351007731665,0.021691808944448485,5189.8,1.0
direct_pair_cold_start_zero,ours,ours_main_same_split,somol_guarded_stack_micro,macro_assay_pair,20,0.5050862175139257,0.2529915783752238,0.5058811815447901,0.25319646882503516,0.02161888689339067,5189.8,5100.0
direct_pair_cold_start_zero,ours,ours_main_same_split,somol_robust_blend_bucket,macro_target,20,0.4474509815401329,0.157786790655875,0.5228528869893572,0.16931833177744401,0.030581784041183308,5189.8,76.4
direct_pair_cold_start_zero,ours,ours_main_same_split,somol_robust_blend_bucket,micro,20,0.5047929384398793,0.2502962225099174,0.7557732145975731,0.291198049728974,0.021691808944448485,5189.8,1.0
direct_pair_cold_start_zero,ours,ours_main_same_split,somol_robust_blend_bucket,macro_assay_pair,20,0.5050666411244182,0.2531489118831238,0.5058616703773787,0.25335370078285063,0.02161888689339067,5189.8,5100.0
direct_pair_cold_start_zero,ours,ours_main_same_split,somol_stack_micro,macro_target,20,0.4674581625195704,0.24798030334809162,0.540730123102163,0.2558163638205779,0.05351920591552097,5189.8,76.4
direct_pair_cold_start_zero,ours,ours_main_same_split,somol_stack_micro,micro,20,0.5201960346372626,0.2862928460001715,0.7692420697763116,0.32789069756453987,0.03936132040098407,5189.8,1.0
direct_pair_cold_start_zero,ours,ours_main_same_split,somol_stack_micro,macro_assay_pair,20,0.5204384501505583,0.2887578022906412,0.5212120074329561,0.28890835944823784,0.039278139965064254,5189.8,5100.0
direct_pair_cold_start_zero,ours_ablation,ours_ablation_same_split,graph_gauge_calibration_selector,macro_target,20,0.4751776737441215,0.25113436232165137,0.5464570459858054,0.25942074299881884,0.048126841029202325,5189.8,76.4
direct_pair_cold_start_zero,ours_ablation,ours_ablation_same_split,graph_gauge_calibration_selector,micro,20,0.5295784561093129,0.29437883689229893,0.7734266302626069,0.35019756167243055,0.03862579007388787,5189.8,1.0
direct_pair_cold_start_zero,ours_ablation,ours_ablation_same_split,graph_gauge_calibration_selector,macro_assay_pair,20,0.5301692271824286,0.29734287595634296,0.5310803948288105,0.29751096523229126,0.03898157851941315,5189.8,5100.0
direct_pair_low_support_1_4,classic,ours_rerun_same_split,identity_bias,macro_target,20,0.3096801826005911,0.07374525170424528,0.36700022961476764,0.07518543527606066,-1.1144825695705908e-18,1914.6,89.0
direct_pair_low_support_1_4,classic,ours_rerun_same_split,identity_bias,micro,20,0.3847237503908651,0.12721292539559015,0.6672598448881558,0.16026379309437924,-4.874919701976556e-18,1914.6,1.0
direct_pair_low_support_1_4,classic,ours_rerun_same_split,identity_bias,macro_assay_pair,20,0.3968066200099367,0.130430170995578,0.40284469443218623,0.1317910779586818,-3.694257825017528e-18,1914.6,1625.4
direct_pair_low_support_1_4,classic,ours_rerun_same_split,pair_affine_bias_fallback,macro_target,20,0.3096801826005911,0.07374525170424528,0.36700022961476764,0.07518543527606066,-1.1144825695705908e-18,1914.6,89.0
direct_pair_low_support_1_4,classic,ours_rerun_same_split,pair_affine_bias_fallback,micro,20,0.3847237503908651,0.12721292539559015,0.6672598448881558,0.16026379309437924,-4.874919701976556e-18,1914.6,1.0
direct_pair_low_support_1_4,classic,ours_rerun_same_split,pair_affine_bias_fallback,macro_assay_pair,20,0.3968066200099367,0.130430170995578,0.40284469443218623,0.1317910779586818,-3.694257825017528e-18,1914.6,1625.4
direct_pair_low_support_1_4,classic,ours_rerun_same_split,pair_isotonic,macro_target,20,0.5663976163855057,0.1596725106413727,0.6361645068697324,0.1639986912978551,0.03790293747711036,1914.6,89.0
direct_pair_low_support_1_4,classic,ours_rerun_same_split,pair_isotonic,micro,20,0.5787638570434877,0.13358942154693174,0.827742754205981,0.12653820812238667,0.028229793065225738,1914.6,1.0
direct_pair_low_support_1_4,classic,ours_rerun_same_split,pair_isotonic,macro_assay_pair,20,0.5853543967886089,0.1312524543097562,0.5909988721205836,0.13252391316104745,0.03947701364248622,1914.6,1625.4
direct_pair_low_support_1_4,direct_competitor,ours_rerun_same_split,calibration_grid_selector_micro,macro_target,20,0.35443364170391356,0.13326598676758886,0.42100854696007906,0.13633170521013946,-0.007197580283144847,1914.6,89.0
direct_pair_low_support_1_4,direct_competitor,ours_rerun_same_split,calibration_grid_selector_micro,micro,20,0.4180455347169062,0.13766536149688172,0.7394308778490035,0.19320019115655518,0.003950917360016078,1914.6,1.0
direct_pair_low_support_1_4,direct_competitor,ours_rerun_same_split,calibration_grid_selector_micro,macro_assay_pair,20,0.4303911921090773,0.13936329828116456,0.4359563442875725,0.13994308374277006,0.0045731645400615166,1914.6,1625.4
direct_pair_low_support_1_4,method_comparison,ours_rerun_same_split,robust_trimmed_bias_fallback,macro_target,20,0.32251695460966195,0.11984776806553595,0.39122135509364386,0.12429257781458707,-0.01698486756527292,1914.6,89.0
direct_pair_low_support_1_4,method_comparison,ours_rerun_same_split,robust_trimmed_bias_fallback,micro,20,0.39539985747309814,0.14012604953773145,0.7111361487352632,0.1904541138773865,-0.010110706329764744,1914.6,1.0
direct_pair_low_support_1_4,method_comparison,ours_rerun_same_split,robust_trimmed_bias_fallback,macro_assay_pair,20,0.4094549648844901,0.1433531023694613,0.41649600664855135,0.14660014773719657,-0.012899215690123044,1914.6,1625.4
direct_pair_low_support_1_4,missing_modality,ours_rerun_same_split,missing_metadata_pair_or_global_delta,macro_target,20,0.40584325887123585,0.15556745072100311,0.47382511669068383,0.1464459652816074,0.0,1914.6,89.0
direct_pair_low_support_1_4,missing_modality,ours_rerun_same_split,missing_metadata_pair_or_global_delta,micro,20,0.4570171663898289,0.13366824322064474,0.8443152798220149,0.14634868989020752,0.0,1914.6,1.0
direct_pair_low_support_1_4,missing_modality,ours_rerun_same_split,missing_metadata_pair_or_global_delta,macro_assay_pair,20,0.47372381464504876,0.14740354964142752,0.4797345115028209,0.1493324769844077,-1.073722805169671e-18,1914.6,1625.4
direct_pair_low_support_1_4,modern_assay_context,ours_rerun_same_split_surrogate,assay_context_pair_or_knn_k5,micro,20,0.8347056407411897,0.38313658577531123,2.3123908143950898,2.5404715187153215,0.03870013937142274,1914.6,1.0
direct_pair_low_support_1_4,modern_assay_context,ours_rerun_same_split_surrogate,assay_context_pair_or_knn_k5,macro_assay_pair,20,0.8542106824259077,0.3791868519980181,0.8686036363439756,0.3884224310182977,0.029307046838293722,1914.6,1625.4
direct_pair_low_support_1_4,modern_assay_context,ours_rerun_same_split_surrogate,assay_context_pair_or_knn_k5,macro_target,20,0.913471208428485,0.5052375943451978,1.1942523836227779,0.7655807971119974,0.0651987161839405,1914.6,89.0
direct_pair_low_support_1_4,modern_assay_context,ours_rerun_same_split_surrogate,assay_context_pair_or_ridge,micro,20,0.6096497673254722,0.11766662390788273,0.8943668240079518,0.15062535215083356,2.5915230509881967e-07,1914.6,1.0
direct_pair_low_support_1_4,modern_assay_context,ours_rerun_same_split_surrogate,assay_context_pair_or_ridge,macro_target,20,0.6188354967299412,0.17309716743978204,0.6755942612643584,0.18443457454598947,2.2080394039017574e-07,1914.6,89.0
direct_pair_low_support_1_4,modern_assay_context,ours_rerun_same_split_surrogate,assay_context_pair_or_ridge,macro_assay_pair,20,0.6197139504610238,0.12381519101663449,0.6248305364301583,0.12200535240181194,2.484943085848911e-07,1914.6,1625.4
direct_pair_low_support_1_4,ours,ours_main_same_split,gauge_calibration_selector_micro,macro_target,20,0.32814048226057324,0.10490986464248837,0.3824887368180951,0.09762107386312353,-0.0006259031552726369,1914.6,89.0
direct_pair_low_support_1_4,ours,ours_main_same_split,gauge_calibration_selector_micro,micro,20,0.37625861411544925,0.11366114519739334,0.6461170064729609,0.14394548385541467,-5.020281077505618e-05,1914.6,1.0
direct_pair_low_support_1_4,ours,ours_main_same_split,gauge_calibration_selector_micro,macro_assay_pair,20,0.3869319864509366,0.1137293733069895,0.3928020989340879,0.11404335980612505,-3.982607297836557e-05,1914.6,1625.4
direct_pair_low_support_1_4,ours,ours_main_same_split,somol_gauge_graph_blend_micro,macro_target,20,0.3326746372637458,0.10621544010068683,0.3895123896227225,0.09835918327604756,0.002128154972022422,1914.6,89.0
direct_pair_low_support_1_4,ours,ours_main_same_split,somol_gauge_graph_blend_micro,micro,20,0.3804289163551263,0.12512142610787702,0.6539953076224376,0.15814448744125537,0.0033403684396399644,1914.6,1.0
direct_pair_low_support_1_4,ours,ours_main_same_split,somol_gauge_graph_blend_micro,macro_assay_pair,20,0.3920265749098515,0.12434697159572083,0.3982509753088882,0.12625243517637258,0.0038992125777510952,1914.6,1625.4
direct_pair_low_support_1_4,ours,ours_main_same_split,somol_guarded_stack_micro,macro_target,20,0.3213335065501167,0.08986791945847838,0.3755309193799078,0.08329046806598828,0.0007164084647544226,1914.6,89.0
direct_pair_low_support_1_4,ours,ours_main_same_split,somol_guarded_stack_micro,micro,20,0.37431590879798754,0.11636368147674676,0.6423326283169063,0.1445098864491508,0.0016315380320983306,1914.6,1.0
direct_pair_low_support_1_4,ours,ours_main_same_split,somol_guarded_stack_micro,macro_assay_pair,20,0.38553718478197896,0.11679541189418546,0.3915227525105166,0.11840178563749328,0.0019248455540889337,1914.6,1625.4
direct_pair_low_support_1_4,ours,ours_main_same_split,somol_robust_blend_bucket,macro_target,20,0.31675092263243343,0.08943393746731933,0.37149438736103135,0.08309833151642135,-0.0009836258337907332,1914.6,89.0
direct_pair_low_support_1_4,ours,ours_main_same_split,somol_robust_blend_bucket,micro,20,0.37330387320582714,0.11520062867140017,0.647120970827391,0.14639871912257407,-0.0005721489648126895,1914.6,1.0
direct_pair_low_support_1_4,ours,ours_main_same_split,somol_robust_blend_bucket,macro_assay_pair,20,0.3852922214328669,0.11536155851393523,0.39123967023888717,0.11670238848452773,0.00029108297943159476,1914.6,1625.4
direct_pair_low_support_1_4,ours,ours_main_same_split,somol_stack_micro,macro_target,20,0.3326792049202662,0.10540966814004385,0.3894460810793886,0.09753901191319443,0.0019461808825443846,1914.6,89.0
direct_pair_low_support_1_4,ours,ours_main_same_split,somol_stack_micro,micro,20,0.38210735699928194,0.12165272940284873,0.657139774654828,0.15580334345592975,0.002786873439918976,1914.6,1.0
direct_pair_low_support_1_4,ours,ours_main_same_split,somol_stack_micro,macro_assay_pair,20,0.3932758297792095,0.11996585216337545,0.3993824604631101,0.12185400128091582,0.0033565951334278443,1914.6,1625.4
direct_pair_low_support_1_4,ours_ablation,ours_ablation_same_split,graph_gauge_calibration_selector,macro_target,20,0.3296646096566134,0.10674413711462397,0.3864976635832319,0.10100050069695618,0.004488223984504678,1914.6,89.0
direct_pair_low_support_1_4,ours_ablation,ours_ablation_same_split,graph_gauge_calibration_selector,micro,20,0.3849450365540889,0.12818441466920433,0.6669991421256776,0.1619808111384837,0.004859897047834457,1914.6,1.0
direct_pair_low_support_1_4,ours_ablation,ours_ablation_same_split,graph_gauge_calibration_selector,macro_assay_pair,20,0.39803887464388005,0.12789283524222866,0.40420653216916785,0.13009390959883788,0.005617800373615718,1914.6,1625.4
long_tail_target_q25,classic,ours_rerun_same_split,identity_bias,macro_target,20,0.29344327028215467,0.08530704364769807,0.3658774144953397,0.08987541396213536,-1.4311728289940863e-19,7017.3,210.5
long_tail_target_q25,classic,ours_rerun_same_split,identity_bias,micro,20,0.3040607385771176,0.10953781046828275,0.5561513152088404,0.14519536041429004,1.620853877245045e-18,7017.3,1.0
long_tail_target_q25,classic,ours_rerun_same_split,identity_bias,macro_assay_pair,20,0.38522993759538376,0.13183742989708222,0.4100835066320719,0.13763719996983548,2.1374315309790384e-18,7017.3,2899.3
long_tail_target_q25,classic,ours_rerun_same_split,pair_affine_bias_fallback,macro_target,20,0.2694474269116032,0.0790414330275434,0.34477858763878944,0.0870499009517858,0.0005935335115304373,7017.3,210.5
long_tail_target_q25,classic,ours_rerun_same_split,pair_affine_bias_fallback,micro,20,0.27662479255292977,0.09510451906896504,0.528588993291297,0.16035026343327896,-0.0016264413963856111,7017.3,1.0
long_tail_target_q25,classic,ours_rerun_same_split,pair_affine_bias_fallback,macro_assay_pair,20,0.36998063805350295,0.12500898479059894,0.3940581612677456,0.13090336199244443,-0.002827465535195913,7017.3,2899.3
long_tail_target_q25,classic,ours_rerun_same_split,pair_isotonic,micro,20,0.3218719226111254,0.08339288452717818,0.5664620173539915,0.14457516444231075,-0.02368205442538984,7017.3,1.0
long_tail_target_q25,classic,ours_rerun_same_split,pair_isotonic,macro_target,20,0.3676052837576932,0.13118063704118238,0.45708735135924694,0.13885924662227803,0.020656060045907178,7017.3,210.5
long_tail_target_q25,classic,ours_rerun_same_split,pair_isotonic,macro_assay_pair,20,0.45136816576251493,0.0984540886617608,0.4802086343565867,0.10843156275364187,-0.03318386232476287,7017.3,2899.3
long_tail_target_q25,direct_competitor,ours_rerun_same_split,calibration_grid_selector_micro,micro,20,0.27995538300688216,0.09927210258301618,0.5319012635344149,0.15789668705055868,-0.002690047556899099,7017.3,1.0
long_tail_target_q25,direct_competitor,ours_rerun_same_split,calibration_grid_selector_micro,macro_target,20,0.28711787648080606,0.09536411544058636,0.36336140231584524,0.1014431156189025,0.004299121142169124,7017.3,210.5
long_tail_target_q25,direct_competitor,ours_rerun_same_split,calibration_grid_selector_micro,macro_assay_pair,20,0.38111276508862263,0.12738430195429526,0.40475134076273234,0.13415762617029373,-0.002536564917527224,7017.3,2899.3
long_tail_target_q25,method_comparison,ours_rerun_same_split,robust_trimmed_bias_fallback,macro_target,20,0.2689213540099834,0.0881630670715221,0.35069554596683034,0.09741756917576094,-0.0004075882431793838,7017.3,210.5
long_tail_target_q25,method_comparison,ours_rerun_same_split,robust_trimmed_bias_fallback,micro,20,0.2739096493284353,0.09612431423709711,0.5402543555398653,0.15980716016773902,0.0014311634485636398,7017.3,1.0
long_tail_target_q25,method_comparison,ours_rerun_same_split,robust_trimmed_bias_fallback,macro_assay_pair,20,0.3694719418114829,0.12589587176176148,0.3957773718564775,0.13203501141066662,-0.0017912669539613569,7017.3,2899.3
long_tail_target_q25,missing_modality,ours_rerun_same_split,missing_metadata_pair_or_global_delta,micro,20,0.2811618135010148,0.10095181242825264,0.5429983756951917,0.16169062014519764,-0.0016264413963856111,7017.3,1.0
long_tail_target_q25,missing_modality,ours_rerun_same_split,missing_metadata_pair_or_global_delta,macro_target,20,0.293016262286653,0.10273664813875914,0.3727475236724874,0.10884820959864032,0.0005935335115304389,7017.3,210.5
long_tail_target_q25,missing_modality,ours_rerun_same_split,missing_metadata_pair_or_global_delta,macro_assay_pair,20,0.38512964439901876,0.13295139339070985,0.4092008548728955,0.13960178894430636,-0.002827465535195916,7017.3,2899.3
long_tail_target_q25,modern_assay_context,ours_rerun_same_split_surrogate,assay_context_pair_or_knn_k5,micro,20,0.42196364202961323,0.13343064181767983,1.4299643676648055,1.236476151682334,-0.029274123894360227,7017.3,1.0
long_tail_target_q25,modern_assay_context,ours_rerun_same_split_surrogate,assay_context_pair_or_knn_k5,macro_target,20,0.473292876355153,0.09683751398007034,0.6711138861816442,0.17275747132408115,0.0016621507838526853,7017.3,210.5
long_tail_target_q25,modern_assay_context,ours_rerun_same_split_surrogate,assay_context_pair_or_knn_k5,macro_assay_pair,20,0.682949371552869,0.25640532516844317,0.7086979043867045,0.2505275084734315,-0.06040537119784658,7017.3,2899.3
long_tail_target_q25,modern_assay_context,ours_rerun_same_split_surrogate,assay_context_pair_or_ridge,micro,20,0.3696516257492275,0.09845887629469394,0.6846670901051874,0.22712589385177714,-0.0016264000056187549,7017.3,1.0
long_tail_target_q25,modern_assay_context,ours_rerun_same_split_surrogate,assay_context_pair_or_ridge,macro_target,20,0.37351086982976106,0.06723120306165674,0.46119550075805815,0.07784308462548507,0.0005937186940785679,7017.3,210.5
long_tail_target_q25,modern_assay_context,ours_rerun_same_split_surrogate,assay_context_pair_or_ridge,macro_assay_pair,20,0.548560446427918,0.1617086579181929,0.5723974534872038,0.15701158864228743,-0.002827480523718394,7017.3,2899.3
long_tail_target_q25,ours,ours_main_same_split,gauge_calibration_selector_micro,micro,20,0.2794319327459078,0.09779827157924771,0.5281765220029668,0.16368746422372676,0.0012383426400424556,7017.3,1.0
long_tail_target_q25,ours,ours_main_same_split,gauge_calibration_selector_micro,macro_target,20,0.28289132105931725,0.09103043034711955,0.3556979521131828,0.09692819585773484,0.005671113117169589,7017.3,210.5
long_tail_target_q25,ours,ours_main_same_split,gauge_calibration_selector_micro,macro_assay_pair,20,0.37926655713051793,0.13010776768373575,0.4029529299584391,0.1368694152463699,0.00813297576463928,7017.3,2899.3
long_tail_target_q25,ours,ours_main_same_split,somol_gauge_graph_blend_micro,micro,20,0.2777073323342645,0.10071184199237856,0.5251652538527816,0.16672484154609726,-0.0004087946948026672,7017.3,1.0
long_tail_target_q25,ours,ours_main_same_split,somol_gauge_graph_blend_micro,macro_target,20,0.28045185787150406,0.0926745358432482,0.3539248720366992,0.09837049735463324,0.005890491994905633,7017.3,210.5
long_tail_target_q25,ours,ours_main_same_split,somol_gauge_graph_blend_micro,macro_assay_pair,20,0.37510993645725194,0.1341967952571357,0.39866911310040376,0.1406694548389476,0.0037919461057221273,7017.3,2899.3
long_tail_target_q25,ours,ours_main_same_split,somol_guarded_stack_micro,macro_target,20,0.27439594372335174,0.08432500910361349,0.3472152372888975,0.08985745274259486,0.0027587620445980784,7017.3,210.5
long_tail_target_q25,ours,ours_main_same_split,somol_guarded_stack_micro,micro,20,0.27464439334601687,0.09718856710365792,0.5186834292118823,0.1598098772280305,-0.0021451727299880647,7017.3,1.0
long_tail_target_q25,ours,ours_main_same_split,somol_guarded_stack_micro,macro_assay_pair,20,0.36713472937922365,0.12630925158918357,0.39073007975032037,0.1325520623143664,-0.0012572290747409798,7017.3,2899.3
long_tail_target_q25,ours,ours_main_same_split,somol_robust_blend_bucket,macro_target,20,0.270623033046424,0.08327648795408363,0.3465213660191303,0.08923615879726149,0.004151196007187783,7017.3,210.5
long_tail_target_q25,ours,ours_main_same_split,somol_robust_blend_bucket,micro,20,0.27097929141014965,0.09706175395307681,0.5212526869140077,0.1599128856861152,-0.0004718817765674621,7017.3,1.0
long_tail_target_q25,ours,ours_main_same_split,somol_robust_blend_bucket,macro_assay_pair,20,0.3644845040537319,0.12581078156298817,0.38934879629314245,0.13195087730153943,-0.00027774575627434776,7017.3,2899.3
long_tail_target_q25,ours,ours_main_same_split,somol_stack_micro,micro,20,0.27636671550583597,0.0996617908135924,0.5217486823242359,0.16160896990702223,-0.001292977424569714,7017.3,1.0
long_tail_target_q25,ours,ours_main_same_split,somol_stack_micro,macro_target,20,0.28027973285829877,0.09227192591439322,0.3536317659244379,0.0977456819634981,0.005562607859912716,7017.3,210.5
long_tail_target_q25,ours,ours_main_same_split,somol_stack_micro,macro_assay_pair,20,0.37196423000503714,0.12998693777592593,0.39546549897064703,0.1365678368851884,0.0015635179642508727,7017.3,2899.3
long_tail_target_q25,ours_ablation,ours_ablation_same_split,graph_gauge_calibration_selector,micro,20,0.27838738267690977,0.10238871452911982,0.5285301434977487,0.16947446292319052,-0.0004894444539755927,7017.3,1.0
long_tail_target_q25,ours_ablation,ours_ablation_same_split,graph_gauge_calibration_selector,macro_target,20,0.279153018002077,0.09344825626081515,0.35322662353392786,0.1001667566661205,0.0061147216097378115,7017.3,210.5
long_tail_target_q25,ours_ablation,ours_ablation_same_split,graph_gauge_calibration_selector,macro_assay_pair,20,0.37701890268473315,0.13551770184842532,0.4009486413634701,0.1418295751988366,0.003092275070794446,7017.3,2899.3
pic50_in_2_12,classic,ours_rerun_same_split,identity_bias,micro,20,0.20792424703894516,0.04150341157534812,0.45969752555251037,0.04498175826185192,-1.4674103843775262e-18,24543.7,1.0
pic50_in_2_12,classic,ours_rerun_same_split,identity_bias,macro_target,20,0.27639341903554104,0.07628774458973143,0.3568798992755693,0.08185793299063215,-1.1874556670964582e-18,24543.7,243.3
pic50_in_2_12,classic,ours_rerun_same_split,identity_bias,macro_assay_pair,20,0.3603173270097294,0.11233002819069338,0.38255089116000174,0.11509933676575725,-1.451304787754834e-18,24543.7,9247.9
pic50_in_2_12,classic,ours_rerun_same_split,pair_affine_bias_fallback,micro,20,0.19434947006855605,0.03345511557910854,0.44236557151516925,0.05377981787118256,-0.0008869598289098005,24543.7,1.0
pic50_in_2_12,classic,ours_rerun_same_split,pair_affine_bias_fallback,macro_target,20,0.25597973503713434,0.06932183234257812,0.3388040276822462,0.0776839065422536,-0.0008962059631584286,24543.7,243.3
pic50_in_2_12,classic,ours_rerun_same_split,pair_affine_bias_fallback,macro_assay_pair,20,0.34842091362245897,0.10904059888736199,0.3704369946836871,0.11130853281640919,-0.005069807726440582,24543.7,9247.9
pic50_in_2_12,classic,ours_rerun_same_split,pair_isotonic,micro,20,0.2252676591357931,0.043586675522328,0.4595068644146519,0.052847293171501664,-0.018206943136352457,24543.7,1.0
pic50_in_2_12,classic,ours_rerun_same_split,pair_isotonic,macro_target,20,0.3376296415524591,0.10390132357193144,0.4318162344096218,0.11196248711642028,0.012251507657210864,24543.7,243.3
pic50_in_2_12,classic,ours_rerun_same_split,pair_isotonic,macro_assay_pair,20,0.4064754140173771,0.045487424030732734,0.43261730129969733,0.04920909212668394,-0.03055737604354288,24543.7,9247.9
pic50_in_2_12,direct_competitor,ours_rerun_same_split,calibration_grid_selector_micro,micro,20,0.19491325124581474,0.036393523691315655,0.4431125558425433,0.05103128390986328,-0.0004038930797129364,24543.7,1.0
pic50_in_2_12,direct_competitor,ours_rerun_same_split,calibration_grid_selector_micro,macro_target,20,0.2695732207791496,0.08120307092184399,0.3527521545787665,0.08803164955725128,0.00241546574069682,24543.7,243.3
pic50_in_2_12,direct_competitor,ours_rerun_same_split,calibration_grid_selector_micro,macro_assay_pair,20,0.3535020790423637,0.10498002097591976,0.37520894875057065,0.10769237715352474,-0.002315095488118489,24543.7,9247.9
pic50_in_2_12,method_comparison,ours_rerun_same_split,robust_trimmed_bias_fallback,micro,20,0.18884067500126328,0.036357556003402354,0.45237906563755337,0.06308581286989969,0.0007841571419239009,24543.7,1.0
pic50_in_2_12,method_comparison,ours_rerun_same_split,robust_trimmed_bias_fallback,macro_target,20,0.2546065448861451,0.07598722166338814,0.34438226596513644,0.08622656910381699,-0.0008986791202042248,24543.7,243.3
pic50_in_2_12,method_comparison,ours_rerun_same_split,robust_trimmed_bias_fallback,macro_assay_pair,20,0.34638869789855703,0.11011712310131831,0.37122490748923703,0.11176245714574606,-0.0032259292539824256,24543.7,9247.9
pic50_in_2_12,missing_modality,ours_rerun_same_split,missing_metadata_pair_or_global_delta,micro,20,0.19666068364313127,0.03436009907688294,0.45341942889635567,0.05366130193408303,-0.0008869598289098005,24543.7,1.0
pic50_in_2_12,missing_modality,ours_rerun_same_split,missing_metadata_pair_or_global_delta,macro_target,20,0.2735359238932589,0.08783168826118024,0.3592617500508015,0.09529018125575635,-0.0008962059631584275,24543.7,243.3
pic50_in_2_12,missing_modality,ours_rerun_same_split,missing_metadata_pair_or_global_delta,macro_assay_pair,20,0.3547020017669188,0.10476163527646584,0.37672223078611766,0.10715977867363458,-0.00506980772644058,24543.7,9247.9
pic50_in_2_12,modern_assay_context,ours_rerun_same_split_surrogate,assay_context_pair_or_knn_k5,micro,20,0.28284420515302683,0.07535238178354095,1.0936887125789214,0.8885089109971364,-0.012348783925476768,24543.7,1.0
pic50_in_2_12,modern_assay_context,ours_rerun_same_split_surrogate,assay_context_pair_or_knn_k5,macro_target,20,0.44302936041772095,0.08268903962471238,0.656818097491877,0.17244246194172405,-0.0030663181828754845,24543.7,243.3
pic50_in_2_12,modern_assay_context,ours_rerun_same_split_surrogate,assay_context_pair_or_knn_k5,macro_assay_pair,20,0.6001809490532045,0.24760305740360974,0.6241934544059301,0.2468141024810269,-0.034728386641722425,24543.7,9247.9
pic50_in_2_12,modern_assay_context,ours_rerun_same_split_surrogate,assay_context_pair_or_ridge,micro,20,0.26468869789653543,0.09060128570859241,0.5457599337617272,0.1325037104675149,-0.0008870094043191637,24543.7,1.0
pic50_in_2_12,modern_assay_context,ours_rerun_same_split_surrogate,assay_context_pair_or_ridge,macro_target,20,0.35975331720698805,0.06950521824624695,0.4552197545935625,0.07673090132670783,-0.0008960769520317293,24543.7,243.3
pic50_in_2_12,modern_assay_context,ours_rerun_same_split_surrogate,assay_context_pair_or_ridge,macro_assay_pair,20,0.5057149046283639,0.10720293906062033,0.5274968120528831,0.10413018364805175,-0.0050698541472436,24543.7,9247.9
pic50_in_2_12,ours,ours_main_same_split,gauge_calibration_selector_micro,micro,20,0.192249575476045,0.036371778423048444,0.43547221966751026,0.05578183244471843,0.0008165457551985077,24543.7,1.0
pic50_in_2_12,ours,ours_main_same_split,gauge_calibration_selector_micro,macro_target,20,0.26528282762990135,0.07811196533471926,0.34533744158007335,0.084295940218967,0.00385232860995348,24543.7,243.3
pic50_in_2_12,ours,ours_main_same_split,gauge_calibration_selector_micro,macro_assay_pair,20,0.3460680323208857,0.10398017807410417,0.3679328278764723,0.10662442606300981,0.0051500732660868746,24543.7,9247.9
pic50_in_2_12,ours,ours_main_same_split,somol_gauge_graph_blend_micro,micro,20,0.19107159298618256,0.035827430101530146,0.43347994134677004,0.05601461575840621,-5.315155870998702e-05,24543.7,1.0
pic50_in_2_12,ours,ours_main_same_split,somol_gauge_graph_blend_micro,macro_target,20,0.26326574674456193,0.07873672027635395,0.34351872110578835,0.08469569159559098,0.0038847861030629495,24543.7,243.3
pic50_in_2_12,ours,ours_main_same_split,somol_gauge_graph_blend_micro,macro_assay_pair,20,0.3423417468459263,0.10534393997851244,0.36421418435917696,0.10774291683234068,0.0014794314944664602,24543.7,9247.9
pic50_in_2_12,ours,ours_main_same_split,somol_guarded_stack_micro,micro,20,0.19003098398578008,0.034837859891806044,0.43020184929731453,0.05451606991356798,-0.0008496509732258302,24543.7,1.0
pic50_in_2_12,ours,ours_main_same_split,somol_guarded_stack_micro,macro_target,20,0.25837340637827644,0.07305727473529564,0.3380408709927975,0.07925365116975186,0.0012782772903971132,24543.7,243.3
pic50_in_2_12,ours,ours_main_same_split,somol_guarded_stack_micro,macro_assay_pair,20,0.3379851119242947,0.10257247939536207,0.3598183644314775,0.10490612554731314,-0.0022823753735279236,24543.7,9247.9
pic50_in_2_12,ours,ours_main_same_split,somol_robust_blend_bucket,micro,20,0.1856408632407465,0.036060752262351364,0.43378887577273034,0.0584302408074058,3.4048289449034467e-05,24543.7,1.0
pic50_in_2_12,ours,ours_main_same_split,somol_robust_blend_bucket,macro_target,20,0.2549813082601247,0.07209415038350286,0.338391419252121,0.07922539092447575,0.0026216847158592608,24543.7,243.3
pic50_in_2_12,ours,ours_main_same_split,somol_robust_blend_bucket,macro_assay_pair,20,0.3357000823361122,0.10313913670613914,0.3591631723268179,0.10520915814903505,-0.0018080367527574747,24543.7,9247.9
pic50_in_2_12,ours,ours_main_same_split,somol_stack_micro,micro,20,0.19047673745149502,0.0355235118998485,0.43134223147260825,0.054541537678528706,-0.0004778689476766421,24543.7,1.0
pic50_in_2_12,ours,ours_main_same_split,somol_stack_micro,macro_target,20,0.2628658185235791,0.07839335249921286,0.34301809950982814,0.08414339431447378,0.003523623904612134,24543.7,243.3
pic50_in_2_12,ours,ours_main_same_split,somol_stack_micro,macro_assay_pair,20,0.3398156866036345,0.10233631068619171,0.3616274301706567,0.10489971449045342,-0.0005429588435372724,24543.7,9247.9
pic50_in_2_12,ours_ablation,ours_ablation_same_split,graph_gauge_calibration_selector,micro,20,0.19234240272659653,0.03577079266495241,0.4386625069163494,0.057566872724171964,-0.00026151672260838556,24543.7,1.0
pic50_in_2_12,ours_ablation,ours_ablation_same_split,graph_gauge_calibration_selector,macro_target,20,0.26221136091177666,0.0795757227302599,0.34288181714611765,0.08635301305926785,0.003948616246113928,24543.7,243.3
pic50_in_2_12,ours_ablation,ours_ablation_same_split,graph_gauge_calibration_selector,macro_assay_pair,20,0.34574917247545606,0.1049708707727974,0.3678165715360156,0.10701404834507545,0.0003380805086958749,24543.7,9247.9
