endpoint,seed,support_bucket,nominal_coverage,empirical_coverage,mean_interval_width,mean_abs_resid,n
IC50,13,00_zero,0.5,0.524953095684803,0.9004225157554764,0.6024916244455277,5330
IC50,13,00_zero,0.8,0.8116322701688555,1.8840820051842548,0.6024916244455277,5330
IC50,13,00_zero,0.9,0.9221388367729831,2.790018778890461,0.6024916244455277,5330
IC50,13,00_zero,0.95,0.9559099437148217,3.835208314819818,0.6024916244455277,5330
IC50,13,01_1-4,0.5,0.5576923076923077,0.49854443776199986,0.3966862033120759,2184
IC50,13,01_1-4,0.8,0.8232600732600732,1.4449746353327424,0.3966862033120759,2184
IC50,13,01_1-4,0.9,0.9267399267399268,2.342239931419538,0.3966862033120759,2184
IC50,13,01_1-4,0.95,0.9597069597069597,3.129640537230565,0.3966862033120759,2184
IC50,13,02_5-9,0.5,0.55,0.22024777386968264,0.22654944104991154,1200
IC50,13,02_5-9,0.8,0.8,0.7436882228416066,0.22654944104991154,1200
IC50,13,02_5-9,0.9,0.905,1.2068359623592073,0.22654944104991154,1200
IC50,13,02_5-9,0.95,0.9266666666666666,1.4729052900503399,0.22654944104991154,1200
IC50,13,03_10-29,0.5,0.5085194375516956,0.19955063618789293,0.2222104149121484,12090
IC50,13,03_10-29,0.8,0.7857733664185277,0.719400037673587,0.2222104149121484,12090
IC50,13,03_10-29,0.9,0.890074441687345,1.1505705416873615,0.2222104149121484,12090
IC50,13,03_10-29,0.95,0.9449131513647643,1.6357524405151898,0.2222104149121484,12090
IC50,13,04_30plus,0.5,0.5342552062607773,0.002792880836215872,0.07541214780465356,30156
IC50,13,04_30plus,0.8,0.8240151213688818,0.2205813959817157,0.07541214780465356,30156
IC50,13,04_30plus,0.9,0.9099681655391961,0.5235599009247143,0.07541214780465356,30156
IC50,13,04_30plus,0.95,0.9478379095370739,0.861788617886198,0.07541214780465356,30156
IC50,13,all,0.5,0.5898744113029827,0.10909665252437506,0.182695349314622,50960
IC50,13,all,0.8,0.8502158555729984,0.8100429954999981,0.182695349314622,50960
IC50,13,all,0.9,0.9300627943485086,1.4342981287945744,0.182695349314622,50960
IC50,13,all,0.95,0.9695251177394034,2.1355990885104394,0.182695349314622,50960
IC50,17,00_zero,0.5,0.5562057283646443,0.896519167981884,0.5853707033052558,6494
IC50,17,00_zero,0.8,0.8313828149060671,2.104719500141991,0.5853707033052558,6494
IC50,17,00_zero,0.9,0.9173082845703726,2.9177249335783912,0.5853707033052558,6494
IC50,17,00_zero,0.95,0.9567292885740684,3.7809551869110996,0.5853707033052558,6494
IC50,17,01_1-4,0.5,0.4489795918367347,0.34343045701370833,0.45223343809011474,2254
IC50,17,01_1-4,0.8,0.7577639751552795,1.259411708027529,0.45223343809011474,2254
IC50,17,01_1-4,0.9,0.8633540372670807,2.0012942923193417,0.45223343809011474,2254
IC50,17,01_1-4,0.95,0.9232475598935226,2.988914910039112,0.45223343809011474,2254
IC50,17,02_5-9,0.5,0.5338645418326693,0.19234217076456694,0.20539062346122136,1004
IC50,17,02_5-9,0.8,0.7699203187250996,0.6161217036272572,0.20539062346122136,1004
IC50,17,02_5-9,0.9,0.8675298804780877,0.9785828776479214,0.20539062346122136,1004
IC50,17,02_5-9,0.95,0.9272908366533864,1.354394990386516,0.20539062346122136,1004
IC50,17,03_10-29,0.5,0.48513986013986016,0.19695549856433736,0.22075618626672852,12584
IC50,17,03_10-29,0.8,0.7929116338207247,0.7524621621637468,0.22075618626672852,12584
IC50,17,03_10-29,0.9,0.8916878575969485,1.1621638049625247,0.22075618626672852,12584
IC50,17,03_10-29,0.95,0.945645263827082,1.584831317658928,0.22075618626672852,12584
IC50,17,04_30plus,0.5,0.48925982576311766,0.002537428530013486,0.07918569503958592,30074
IC50,17,04_30plus,0.8,0.7792777814723681,0.15470775759850325,0.07918569503958592,30074
IC50,17,04_30plus,0.9,0.8942608233025204,0.4888161065961747,0.07918569503958592,30074
IC50,17,04_30plus,0.95,0.9477621866063709,0.8710493761809658,0.07918569503958592,30074
IC50,17,all,0.5,0.4848883800801374,0.02905433946574565,0.1943592853134046,52410
IC50,17,all,0.8,0.7908414424728105,0.5918775103467198,0.1943592853134046,52410
IC50,17,all,0.9,0.8965464605991224,1.1588674510254604,0.1943592853134046,52410
IC50,17,all,0.95,0.950162182789544,1.812543727222844,0.1943592853134046,52410
IC50,23,00_zero,0.5,0.45155038759689925,0.7410035206501959,0.5948457744983546,6192
IC50,23,00_zero,0.8,0.7677648578811369,1.7031381078906234,0.5948457744983546,6192
IC50,23,00_zero,0.9,0.896640826873385,2.6093569544246713,0.5948457744983546,6192
IC50,23,00_zero,0.95,0.9499354005167958,3.5438109206008126,0.5948457744983546,6192
IC50,23,01_1-4,0.5,0.4926070038910506,0.425227813804967,0.4012115909357474,2570
IC50,23,01_1-4,0.8,0.8015564202334631,1.293497454436256,0.4012115909357474,2570
IC50,23,01_1-4,0.9,0.9237354085603113,2.2271302678537435,0.4012115909357474,2570
IC50,23,01_1-4,0.95,0.9712062256809338,3.089286413520685,0.4012115909357474,2570
IC50,23,02_5-9,0.5,0.45330459770114945,0.12511705560766018,0.17039841532128258,1392
IC50,23,02_5-9,0.8,0.8520114942528736,0.6616671801820588,0.17039841532128258,1392
IC50,23,02_5-9,0.9,0.9310344827586207,1.1221073175371266,0.17039841532128258,1392
IC50,23,02_5-9,0.95,0.9489942528735632,1.3260761896902196,0.17039841532128258,1392
IC50,23,03_10-29,0.5,0.5107885134063145,0.20258970456197822,0.21789636044163463,12606
IC50,23,03_10-29,0.8,0.788751388227828,0.7273690401870709,0.21789636044163463,12606
IC50,23,03_10-29,0.9,0.8891004283674441,1.133738007490516,0.21789636044163463,12606
IC50,23,03_10-29,0.95,0.9428050134856417,1.5502320129212306,0.21789636044163463,12606
IC50,23,04_30plus,0.5,0.4971998945842667,0.002676164507547263,0.08182735229477855,30356
IC50,23,04_30plus,0.8,0.7875872974041376,0.18549702569655013,0.08182735229477855,30356
IC50,23,04_30plus,0.9,0.8899393859533535,0.48993346387407033,0.08182735229477855,30356
IC50,23,04_30plus,0.95,0.9449861641850046,0.8844668757695486,0.08182735229477855,30356
IC50,23,all,0.5,0.505083214097447,0.039187740733291676,0.19170016651316837,53116
IC50,23,all,0.8,0.795711273439265,0.6125199212356255,0.19170016651316837,53116
IC50,23,all,0.9,0.8976767828902779,1.1465939461841956,0.19170016651316837,53116
IC50,23,all,0.95,0.9487913246479404,1.7293283267176989,0.19170016651316837,53116
IC50,29,00_zero,0.5,0.4763855421686747,0.8357548461914668,0.6807834940454458,4150
IC50,29,00_zero,0.8,0.7412048192771085,1.9408978497373113,0.6807834940454458,4150
IC50,29,00_zero,0.9,0.8889156626506024,3.068447497252936,0.6807834940454458,4150
IC50,29,00_zero,0.95,0.9539759036144578,4.259579323795549,0.6807834940454458,4150
IC50,29,01_1-4,0.5,0.5900735294117647,0.536378044250811,0.33593886624167413,1632
IC50,29,01_1-4,0.8,0.866421568627451,1.5365295883739378,0.33593886624167413,1632
IC50,29,01_1-4,0.9,0.9534313725490197,2.3247645524572422,0.33593886624167413,1632
IC50,29,01_1-4,0.95,0.9779411764705882,3.173128400182791,0.33593886624167413,1632
IC50,29,02_5-9,0.5,0.5627737226277372,0.22138713245176866,0.22335491137633876,1370
IC50,29,02_5-9,0.8,0.8481751824817518,0.84130692385361,0.22335491137633876,1370
IC50,29,02_5-9,0.9,0.8978102189781022,1.2015391034178613,0.22335491137633876,1370
IC50,29,02_5-9,0.95,0.9291970802919708,1.5504820710115421,0.22335491137633876,1370
IC50,29,03_10-29,0.5,0.49805793817769867,0.20112864212402215,0.2221207170507468,12358
IC50,29,03_10-29,0.8,0.803366240491989,0.7723122830211754,0.2221207170507468,12358
IC50,29,03_10-29,0.9,0.896180611749474,1.19291420811042,0.2221207170507468,12358
IC50,29,03_10-29,0.95,0.9414953876031721,1.624194627712731,0.2221207170507468,12358
IC50,29,04_30plus,0.5,0.5029325513196481,0.0024561416488833032,0.0740912401408391,30008
IC50,29,04_30plus,0.8,0.8197480671820848,0.2060106924766572,0.0740912401408391,30008
IC50,29,04_30plus,0.9,0.9069581444948014,0.5026121827581588,0.0740912401408391,30008
IC50,29,04_30plus,0.95,0.9553785657158091,0.9037375040872715,0.0740912401408391,30008
IC50,29,all,0.5,0.5620582414475545,0.06274404323355309,0.1746394788569818,49518
IC50,29,all,0.8,0.8439961226220768,0.7142404638508317,0.1746394788569818,49518
IC50,29,all,0.9,0.9217658225291813,1.3062354469080235,0.1746394788569818,49518
IC50,29,all,0.95,0.9596106466335474,1.9705026061893474,0.1746394788569818,49518
IC50,31,00_zero,0.5,0.5245039445374133,0.8263910960083862,0.552729298995244,8366
IC50,31,00_zero,0.8,0.830026296916089,1.908104925020389,0.552729298995244,8366
IC50,31,00_zero,0.9,0.9323452067893856,3.025740396434248,0.552729298995244,8366
IC50,31,00_zero,0.95,0.9682046378197466,4.253620275490304,0.552729298995244,8366
IC50,31,01_1-4,0.5,0.5468476357267951,0.4792295381089646,0.3584136312940356,4568
IC50,31,01_1-4,0.8,0.8533274956217163,1.5003378889966767,0.3584136312940356,4568
IC50,31,01_1-4,0.9,0.9478984238178634,2.3598980091818333,0.3584136312940356,4568
IC50,31,01_1-4,0.95,0.978984238178634,3.831489177960187,0.3584136312940356,4568
IC50,31,02_5-9,0.5,0.4926315789473684,0.14681863433288989,0.21477359869778603,950
IC50,31,02_5-9,0.8,0.7705263157894737,0.662272259033902,0.21477359869778603,950
IC50,31,02_5-9,0.9,0.8757894736842106,1.1396824836392483,0.21477359869778603,950
IC50,31,02_5-9,0.95,0.9505263157894737,1.649720879874298,0.21477359869778603,950
IC50,31,03_10-29,0.5,0.5144950124688279,0.2199850794622229,0.2276884564048248,12832
IC50,31,03_10-29,0.8,0.7969918952618454,0.7651905902514636,0.2276884564048248,12832
IC50,31,03_10-29,0.9,0.885676433915212,1.176746058337497,0.2276884564048248,12832
IC50,31,03_10-29,0.95,0.9427992518703242,1.6480851890453387,0.2276884564048248,12832
IC50,31,04_30plus,0.5,0.5025798769597142,0.0025714649029531245,0.07867119394454594,30234
IC50,31,04_30plus,0.8,0.8006548918436198,0.19043524256342792,0.07867119394454594,30234
IC50,31,04_30plus,0.9,0.9007739630879142,0.5148938979423905,0.07867119394454594,30234
IC50,31,04_30plus,0.95,0.9485678375339023,0.8826965415442158,0.07867119394454594,30234
IC50,31,all,0.5,0.4760140474100088,0.03859122714021357,0.20659604657092848,56950
IC50,31,all,0.8,0.7879543459174715,0.6399036898266779,0.20659604657092848,56950
IC50,31,all,0.9,0.8883757682177349,1.177446452035185,0.20659604657092848,56950
IC50,31,all,0.95,0.9487093942054434,1.833659596812545,0.20659604657092848,56950
KI,13,00_zero,0.5,0.692429022082019,0.5629731658144923,0.29944313986130067,2536
KI,13,00_zero,0.8,0.8698738170347003,1.467831978015842,0.29944313986130067,2536
KI,13,00_zero,0.9,0.9250788643533123,1.7789233787405259,0.29944313986130067,2536
KI,13,00_zero,0.95,0.9574132492113565,2.3330611569290762,0.29944313986130067,2536
KI,13,01_1-4,0.5,0.35964912280701755,0.026858430059911953,0.26949571300478553,3078
KI,13,01_1-4,0.8,0.6942820012995452,0.6375175252488248,0.26949571300478553,3078
KI,13,01_1-4,0.9,0.9567901234567902,2.179533218086071,0.26949571300478553,3078
KI,13,01_1-4,0.95,0.9619883040935673,2.807618092108287,0.26949571300478553,3078
KI,13,02_5-9,0.5,0.17452135493372606,0.006565590883979233,0.3435340881849292,1358
KI,13,02_5-9,0.8,0.4948453608247423,0.14922264449492628,0.3435340881849292,1358
KI,13,02_5-9,0.9,0.6730486008836525,0.5355989569919526,0.3435340881849292,1358
KI,13,02_5-9,0.95,0.8799705449189985,1.4842236503714197,0.3435340881849292,1358
KI,13,03_10-29,0.5,0.3441250348869662,0.02501481576712017,0.33545887660869345,7166
KI,13,03_10-29,0.8,0.5827518838961764,0.1270676773866377,0.33545887660869345,7166
KI,13,03_10-29,0.9,0.7195087915154899,0.4887506997978086,0.33545887660869345,7166
KI,13,03_10-29,0.95,0.7739324588333798,0.8312558644255077,0.33545887660869345,7166
KI,13,04_30plus,0.5,0.4919653893695921,0.0010343823549696651,0.07528954443882473,6472
KI,13,04_30plus,0.8,0.8144313967861557,0.04924163526829339,0.07528954443882473,6472
KI,13,04_30plus,0.9,0.8753090234857849,0.3293894392065013,0.07528954443882473,6472
KI,13,04_30plus,0.95,0.9412855377008653,0.9614477784845696,0.07528954443882473,6472
KI,13,all,0.5,0.43605046094129063,0.012510198471328948,0.2400090800804509,20610
KI,13,all,0.8,0.6622028141678796,0.20587682544734776,0.2400090800804509,20610
KI,13,all,0.9,0.8031052886948084,0.7122599148718614,0.2400090800804509,20610
KI,13,all,0.95,0.9205240174672489,1.5476597532020036,0.2400090800804509,20610
KI,17,00_zero,0.5,0.9202564945741533,0.5382817025009974,0.059247387285507463,12164
KI,17,00_zero,0.8,0.9891483064781322,1.7592177822848427,0.059247387285507463,12164
KI,17,00_zero,0.9,0.9921078592568234,2.0755771217787995,0.059247387285507463,12164
KI,17,00_zero,0.95,0.9978625452153896,3.241919157791191,0.059247387285507463,12164
KI,17,01_1-4,0.5,0.6699751861042184,0.15368006046544025,0.21018151220675685,2418
KI,17,01_1-4,0.8,0.8122415219189413,0.6814025015819614,0.21018151220675685,2418
KI,17,01_1-4,0.9,0.8395368072787428,1.045828971483704,0.21018151220675685,2418
KI,17,01_1-4,0.95,0.9536807278742763,2.072607943296879,0.21018151220675685,2418
KI,17,02_5-9,0.5,0.5033112582781457,0.16657060924688594,0.29544391214181426,906
KI,17,02_5-9,0.8,0.847682119205298,1.2221783720468977,0.29544391214181426,906
KI,17,02_5-9,0.9,0.9183222958057395,1.6494460297512754,0.29544391214181426,906
KI,17,02_5-9,0.95,0.9492273730684326,2.1459686502168998,0.29544391214181426,906
KI,17,03_10-29,0.5,0.4295705279747833,0.03489898806494374,0.21902542098637182,10152
KI,17,03_10-29,0.8,0.6892237982663515,0.20692239731750042,0.21902542098637182,10152
KI,17,03_10-29,0.9,0.8160953506698188,0.51289941073754,0.21902542098637182,10152
KI,17,03_10-29,0.95,0.9273049645390071,1.251461462316021,0.21902542098637182,10152
KI,17,04_30plus,0.5,0.5368098159509203,0.00031860273347206203,0.05727304466541077,6194
KI,17,04_30plus,0.8,0.8256377139166936,0.014855860684706457,0.05727304466541077,6194
KI,17,04_30plus,0.9,0.9215369712625121,0.4462886292358003,0.05727304466541077,6194
KI,17,04_30plus,0.95,0.9622215046819502,1.1985102698708812,0.05727304466541077,6194
KI,17,all,0.5,0.6029402525601558,0.030222811199582367,0.12800375737791467,31834
KI,17,all,0.8,0.8231450650248162,0.2961752980959386,0.12800375737791467,31834
KI,17,all,0.9,0.9109756863730603,0.8452608596795924,0.12800375737791467,31834
KI,17,all,0.95,0.9574354463780863,1.533537157872784,0.12800375737791467,31834
KI,23,00_zero,0.5,0.3831860412417856,0.0,0.15049229442583714,26478
KI,23,00_zero,0.8,0.8296699146461213,0.18684337032447118,0.15049229442583714,26478
KI,23,00_zero,0.9,0.8949316413626407,1.1126050015345754,0.15049229442583714,26478
KI,23,00_zero,0.95,0.9266560918498375,1.5746431828713483,0.15049229442583714,26478
KI,23,01_1-4,0.5,0.4613251155624037,0.11715375828641417,0.23295541996050959,6490
KI,23,01_1-4,0.8,0.7864406779661017,0.8546742037143638,0.23295541996050959,6490
KI,23,01_1-4,0.9,0.9432973805855162,1.639309635729632,0.23295541996050959,6490
KI,23,01_1-4,0.95,0.9738058551617874,2.1441760942167996,0.23295541996050959,6490
KI,23,02_5-9,0.5,0.5308498253783469,0.03917429594998367,0.19489589455180248,1718
KI,23,02_5-9,0.8,0.7764842840512224,0.30121511448601623,0.19489589455180248,1718
KI,23,02_5-9,0.9,0.8655413271245634,0.6408486163306674,0.19489589455180248,1718
KI,23,02_5-9,0.95,0.8841676367869615,0.810444739610638,0.19489589455180248,1718
KI,23,03_10-29,0.5,0.48723089911355,0.056251720502890734,0.24193881013505383,9476
KI,23,03_10-29,0.8,0.7541156606162938,0.1876299492945546,0.24193881013505383,9476
KI,23,03_10-29,0.9,0.8494090333474039,0.5531484026096906,0.24193881013505383,9476
KI,23,03_10-29,0.95,0.8973195441114394,1.1616404423379325,0.24193881013505383,9476
KI,23,04_30plus,0.5,0.4883592017738359,0.00048208926036785726,0.07382171400668816,7216
KI,23,04_30plus,0.8,0.7863082039911308,0.031177078219460697,0.07382171400668816,7216
KI,23,04_30plus,0.9,0.9016075388026608,0.465364487112196,0.07382171400668816,7216
KI,23,04_30plus,0.95,0.9600886917960089,1.2011139553389252,0.07382171400668816,7216
KI,23,all,0.5,0.32459418428120984,0.0005858676085450654,0.16849150312007186,51378
KI,23,all,0.8,0.807232667678773,0.2611756890617638,0.16849150312007186,51378
KI,23,all,0.9,0.9046868309393126,1.0893535825120855,0.16849150312007186,51378
KI,23,all,0.95,0.9327922457082798,1.5746431828713483,0.16849150312007186,51378
KI,29,00_zero,0.5,0.24150058616647127,0.009795629687200602,0.38725742587507145,1706
KI,29,00_zero,0.8,0.33411488862837047,0.05455057453634993,0.38725742587507145,1706
KI,29,00_zero,0.9,0.7655334114888629,1.1873662270862475,0.38725742587507145,1706
KI,29,00_zero,0.95,0.9249706916764361,2.5580675497251875,0.38725742587507145,1706
KI,29,01_1-4,0.5,0.37990867579908677,3.552713678800501e-15,0.34528052692625383,4380
KI,29,01_1-4,0.8,0.5970319634703196,0.27585195330359547,0.34528052692625383,4380
KI,29,01_1-4,0.9,0.7484018264840183,1.3533872192497327,0.34528052692625383,4380
KI,29,01_1-4,0.95,0.8015981735159817,1.8931113615460688,0.34528052692625383,4380
KI,29,02_5-9,0.5,0.42083818393480793,0.02818205688667419,0.29717307239570945,1718
KI,29,02_5-9,0.8,0.6635622817229336,0.3980105823515818,0.29717307239570945,1718
KI,29,02_5-9,0.9,0.7788125727590222,0.9038538840132269,0.29717307239570945,1718
KI,29,02_5-9,0.95,0.9586728754365541,2.414273777968962,0.29717307239570945,1718
KI,29,03_10-29,0.5,0.4364453556221416,0.04276652327669339,0.17889324030509876,12682
KI,29,03_10-29,0.8,0.77677022551648,0.3296274488657538,0.17889324030509876,12682
KI,29,03_10-29,0.9,0.8679230405298849,0.7117427937875078,0.17889324030509876,12682
KI,29,03_10-29,0.95,0.9212269358145403,1.0416785142392868,0.17889324030509876,12682
KI,29,04_30plus,0.5,0.5155038759689923,0.0004351322652222933,0.06792729569737169,6966
KI,29,04_30plus,0.8,0.7859603789836348,0.014768217374449222,0.06792729569737169,6966
KI,29,04_30plus,0.9,0.9010910134941142,0.43283171612010773,0.06792729569737169,6966
KI,29,04_30plus,0.95,0.9491817398794143,1.078770992349416,0.06792729569737169,6966
KI,29,all,0.5,0.4292219146146,0.01022480803389847,0.19763364528022898,27452
KI,29,all,0.8,0.6767084365437855,0.17200944319248732,0.19763364528022898,27452
KI,29,all,0.9,0.8434358152411482,0.857621065096405,0.19763364528022898,27452
KI,29,all,0.95,0.9280562436252368,1.8290994331369566,0.19763364528022898,27452
KI,31,00_zero,0.5,0.31068322057839565,0.0,0.1706631185959204,26902
KI,31,00_zero,0.8,0.8369637945134191,0.1570458276439376,0.1706631185959204,26902
KI,31,00_zero,0.9,0.8804549847594975,1.1126050015345754,0.1706631185959204,26902
KI,31,00_zero,0.95,0.9319753178202365,2.523144945925296,0.1706631185959204,26902
KI,31,01_1-4,0.5,0.762046485260771,0.1868433703244694,0.14598168151692245,7056
KI,31,01_1-4,0.8,0.9231859410430839,1.3720122945305668,0.14598168151692245,7056
KI,31,01_1-4,0.9,0.9722222222222222,2.3862491967089223,0.14598168151692245,7056
KI,31,01_1-4,0.95,0.9722222222222222,2.3862491967089277,0.14598168151692245,7056
KI,31,02_5-9,0.5,0.6934720908230843,0.1399921727416995,0.15513671024771644,2114
KI,31,02_5-9,0.8,0.8713339640491958,0.6034903588813014,0.15513671024771644,2114
KI,31,02_5-9,0.9,0.9266792809839167,1.080464023641614,0.15513671024771644,2114
KI,31,02_5-9,0.95,0.9432355723746452,1.5352434687332672,0.15513671024771644,2114
KI,31,03_10-29,0.5,0.4863985807214666,0.047719819888471626,0.1710574456084688,13528
KI,31,03_10-29,0.8,0.8262862211709048,0.2813171204316607,0.1710574456084688,13528
KI,31,03_10-29,0.9,0.9047900650502662,0.8558765098154755,0.1710574456084688,13528
KI,31,03_10-29,0.95,0.9288143110585453,1.548213396759543,0.1710574456084688,13528
KI,31,04_30plus,0.5,0.49429012345679013,0.0005564947550062982,0.07045578378813987,6480
KI,31,04_30plus,0.8,0.7947530864197531,0.01798639396668524,0.07045578378813987,6480
KI,31,04_30plus,0.9,0.8925925925925926,0.36012973668828846,0.07045578378813987,6480
KI,31,04_30plus,0.95,0.9433641975308642,1.0237856693718685,0.07045578378813987,6480
KI,31,all,0.5,0.4073823109843081,0.0025432193336021314,0.15548865138824966,56080
KI,31,all,0.8,0.8499643366619115,0.35579258659819324,0.15548865138824966,56080
KI,31,all,0.9,0.902799572039943,1.114687787464005,0.15548865138824966,56080
KI,31,all,0.95,0.951123395149786,2.386238367653549,0.15548865138824966,56080
KD,13,00_zero,0.5,0.3076923076923077,0.27765949497300824,0.729949800097523,26
KD,13,00_zero,0.8,0.3076923076923077,0.7358793503934011,0.729949800097523,26
KD,13,00_zero,0.9,0.38461538461538464,1.045376136286419,0.729949800097523,26
KD,13,00_zero,0.95,0.46153846153846156,1.353781495778339,0.729949800097523,26
KD,13,01_1-4,0.5,0.5869565217391305,0.7397010693920656,0.4834357574734438,46
KD,13,01_1-4,0.8,0.7391304347826086,1.4248842857877853,0.4834357574734438,46
KD,13,01_1-4,0.9,0.782608695652174,1.5439322235805333,0.4834357574734438,46
KD,13,01_1-4,0.95,0.782608695652174,1.726174648844498,0.4834357574734438,46
KD,13,02_5-9,0.5,0.4174757281553398,0.11406985681791326,0.2838245100882036,206
KD,13,02_5-9,0.8,0.7475728155339806,0.6150483948594535,0.2838245100882036,206
KD,13,02_5-9,0.9,0.8203883495145631,1.0229921969260203,0.2838245100882036,206
KD,13,02_5-9,0.95,0.883495145631068,1.3848941206478538,0.2838245100882036,206
KD,13,03_10-29,0.5,0.5597609561752988,0.4295618862834747,0.28052739403109755,502
KD,13,03_10-29,0.8,0.8087649402390438,1.0283899054718546,0.28052739403109755,502
KD,13,03_10-29,0.9,0.9302788844621513,1.5460031764814035,0.28052739403109755,502
KD,13,03_10-29,0.95,0.954183266932271,1.87725783982135,0.28052739403109755,502
KD,13,04_30plus,0.5,0.5042492917847026,7.105427357601002e-15,0.1300224076596233,706
KD,13,04_30plus,0.8,0.8229461756373938,0.6337534807389426,0.1300224076596233,706
KD,13,04_30plus,0.9,0.9277620396600567,1.0029643429550132,0.1300224076596233,706
KD,13,04_30plus,0.95,0.9674220963172805,1.2336108016556433,0.1300224076596233,706
KD,13,all,0.5,0.5235531628532974,0.2000330947484752,0.2236239302394273,1486
KD,13,all,0.8,0.8014804845222072,0.8195274872258722,0.2236239302394273,1486
KD,13,all,0.9,0.8963660834454913,1.2002360218475396,0.2236239302394273,1486
KD,13,all,0.95,0.9407806191117093,1.573421137596436,0.2236239302394273,1486
KD,17,00_zero,0.5,0.4444444444444444,0.22780179866516548,0.2661712767897538,36
KD,17,00_zero,0.8,0.8333333333333334,0.826859397528942,0.2661712767897538,36
KD,17,00_zero,0.9,0.9444444444444444,2.4152166210034913,0.2661712767897538,36
KD,17,00_zero,0.95,1.0,3.0257827721729567,0.2661712767897538,36
KD,17,01_1-4,0.5,0.3,0.040456161419596626,0.4498811557881373,40
KD,17,01_1-4,0.8,0.575,0.7735221314965891,0.4498811557881373,40
KD,17,01_1-4,0.9,0.675,0.963952757336114,0.4498811557881373,40
KD,17,01_1-4,0.95,0.7,0.9971315918512005,0.4498811557881373,40
KD,17,02_5-9,0.5,0.7,0.9453099952118471,0.3744197628918241,60
KD,17,02_5-9,0.8,0.9166666666666666,2.0258033414915015,0.3744197628918241,60
KD,17,02_5-9,0.9,0.9333333333333333,2.5056083959620112,0.3744197628918241,60
KD,17,02_5-9,0.95,0.9833333333333333,2.945295551948878,0.3744197628918241,60
KD,17,03_10-29,0.5,0.5288135593220339,0.326777524465685,0.3004626372892431,590
KD,17,03_10-29,0.8,0.8067796610169492,0.8738183837339543,0.3004626372892431,590
KD,17,03_10-29,0.9,0.8728813559322034,1.2503503227038537,0.3004626372892431,590
KD,17,03_10-29,0.95,0.9474576271186441,2.3078291241837747,0.3004626372892431,590
KD,17,04_30plus,0.5,0.5052356020942408,1.7763568394002505e-14,0.1369537510840933,764
KD,17,04_30plus,0.8,0.7918848167539267,0.5718628257938221,0.1369537510840933,764
KD,17,04_30plus,0.9,0.9162303664921466,0.9840788387112287,0.1369537510840933,764
KD,17,04_30plus,0.95,0.9620418848167539,1.1952047147251252,0.1369537510840933,764
KD,17,all,0.5,0.47516778523489933,0.14002837233863286,0.22278404013313208,1490
KD,17,all,0.8,0.8046979865771812,0.7883330984722022,0.22278404013313208,1490
KD,17,all,0.9,0.8993288590604027,1.1687106832049352,0.22278404013313208,1490
KD,17,all,0.95,0.9389261744966443,1.5535671336144128,0.22278404013313208,1490
KD,23,00_zero,0.5,0.7872340425531915,1.2302879446247639,0.428362766394832,94
KD,23,00_zero,0.8,0.851063829787234,1.7955105802750957,0.428362766394832,94
KD,23,00_zero,0.9,0.9680851063829787,2.4952676706540435,0.428362766394832,94
KD,23,00_zero,0.95,0.9893617021276596,2.878397226963962,0.428362766394832,94
KD,23,01_1-4,0.5,0.5882352941176471,0.5691737114401505,0.3444775347189559,34
KD,23,01_1-4,0.8,0.8529411764705882,1.5213034224859454,0.3444775347189559,34
KD,23,01_1-4,0.9,0.9411764705882353,2.33655039476416,0.3444775347189559,34
KD,23,01_1-4,0.95,0.9411764705882353,2.41380604446282,0.3444775347189559,34
KD,23,02_5-9,0.5,0.5294117647058824,0.15955223103075955,0.2260582037980356,170
KD,23,02_5-9,0.8,0.7647058823529411,0.5629240729903451,0.2260582037980356,170
KD,23,02_5-9,0.9,0.8470588235294118,0.9768489767829003,0.2260582037980356,170
KD,23,02_5-9,0.95,0.8588235294117647,1.3106565854533643,0.2260582037980356,170
KD,23,03_10-29,0.5,0.43416370106761565,0.3411789549421522,0.32556278089943175,562
KD,23,03_10-29,0.8,0.693950177935943,0.8606672533273212,0.32556278089943175,562
KD,23,03_10-29,0.9,0.8309608540925267,1.2449814817345288,0.32556278089943175,562
KD,23,03_10-29,0.95,0.9217081850533808,1.601725713517472,0.32556278089943175,562
KD,23,04_30plus,0.5,0.602803738317757,1.0658141036401503e-14,0.13835920976045182,856
KD,23,04_30plus,0.8,0.7675233644859814,0.5281242309584541,0.13835920976045182,856
KD,23,04_30plus,0.9,0.8960280373831776,0.9249324907605148,0.13835920976045182,856
KD,23,04_30plus,0.95,0.9521028037383178,1.1297582326492328,0.13835920976045182,856
KD,23,all,0.5,0.48543123543123545,0.14985461117923293,0.22832750424688353,1716
KD,23,all,0.8,0.7441724941724942,0.7322349323611644,0.22832750424688353,1716
KD,23,all,0.9,0.8607226107226107,1.0567513184645139,0.22832750424688353,1716
KD,23,all,0.95,0.9155011655011654,1.3922230794099366,0.22832750424688353,1716
KD,29,00_zero,0.5,0.3,0.3893688352426059,0.7334065051762048,20
KD,29,00_zero,0.8,0.55,1.1753116588655335,0.7334065051762048,20
KD,29,00_zero,0.9,0.75,2.306170197524966,0.7334065051762048,20
KD,29,00_zero,0.95,0.8,2.8715994668546823,0.7334065051762048,20
KD,29,01_1-4,0.5,0.7307692307692307,0.4907569405833634,0.3003788206173224,26
KD,29,01_1-4,0.8,0.7692307692307693,1.498244426839662,0.3003788206173224,26
KD,29,01_1-4,0.9,0.9230769230769231,2.3554366518988434,0.3003788206173224,26
KD,29,01_1-4,0.95,0.9230769230769231,2.625916920694289,0.3003788206173224,26
KD,29,02_5-9,0.5,0.5595238095238095,0.18837550679650317,0.2201050710631421,168
KD,29,02_5-9,0.8,0.8273809523809523,1.0161094157565054,0.2201050710631421,168
KD,29,02_5-9,0.9,0.9404761904761905,1.8187191720315923,0.2201050710631421,168
KD,29,02_5-9,0.95,0.9821428571428571,2.43973237184851,0.2201050710631421,168
KD,29,03_10-29,0.5,0.5411184210526315,0.4293797223991893,0.32469224462708474,608
KD,29,03_10-29,0.8,0.774671052631579,0.9692509168229634,0.32469224462708474,608
KD,29,03_10-29,0.9,0.8453947368421053,1.2786790485158057,0.32469224462708474,608
KD,29,03_10-29,0.95,0.9194078947368421,1.8779643295848172,0.32469224462708474,608
KD,29,04_30plus,0.5,0.49869451697127937,2.842170943040401e-14,0.14472667941453077,766
KD,29,04_30plus,0.8,0.741514360313316,0.4982540915603228,0.14472667941453077,766
KD,29,04_30plus,0.9,0.8798955613577023,0.9231387580648591,0.14472667941453077,766
KD,29,04_30plus,0.95,0.9569190600522193,1.135839871232398,0.14472667941453077,766
KD,29,all,0.5,0.48551637279596976,0.1604484492294409,0.23156747641245617,1588
KD,29,all,0.8,0.7777078085642317,0.7717170524640552,0.23156747641245617,1588
KD,29,all,0.9,0.889168765743073,1.157704628881298,0.23156747641245617,1588
KD,29,all,0.95,0.929471032745592,1.53097156628908,0.23156747641245617,1588
KD,31,00_zero,0.5,0.3157894736842105,0.19294700696573663,0.33815483484682857,76
KD,31,00_zero,0.8,0.5789473684210527,0.8588211797892811,0.33815483484682857,76
KD,31,00_zero,0.9,0.8157894736842105,1.2508158190059162,0.33815483484682857,76
KD,31,00_zero,0.95,0.9210526315789473,1.563207379326645,0.33815483484682857,76
KD,31,01_1-4,0.5,0.4444444444444444,0.4951949111983627,0.46791775305454997,36
KD,31,01_1-4,0.8,0.7777777777777778,1.5550394496515216,0.46791775305454997,36
KD,31,01_1-4,0.9,0.7777777777777778,1.558315612120774,0.46791775305454997,36
KD,31,01_1-4,0.95,0.9444444444444444,2.4787657168495603,0.46791775305454997,36
KD,31,02_5-9,0.5,0.47058823529411764,0.13879474095450384,0.24116572356416247,170
KD,31,02_5-9,0.8,0.8529411764705882,1.039719067758135,0.24116572356416247,170
KD,31,02_5-9,0.9,0.9588235294117647,1.9537872719353189,0.24116572356416247,170
KD,31,02_5-9,0.95,0.9941176470588236,3.1821438876292145,0.24116572356416247,170
KD,31,03_10-29,0.5,0.5172413793103449,0.38248236348489595,0.3218003997578308,580
KD,31,03_10-29,0.8,0.7896551724137931,0.9510764714306716,0.3218003997578308,580
KD,31,03_10-29,0.9,0.8913793103448275,1.373385567920034,0.3218003997578308,580
KD,31,03_10-29,0.95,0.9224137931034483,2.166056892231624,0.3218003997578308,580
KD,31,04_30plus,0.5,0.5575,3.907985046680551e-14,0.15479044720441493,800
KD,31,04_30plus,0.8,0.7875,0.6747051784434959,0.15479044720441493,800
KD,31,04_30plus,0.9,0.88875,0.9926736346308216,0.15479044720441493,800
KD,31,04_30plus,0.95,0.9475,1.17967317534423,0.15479044720441493,800
KD,31,all,0.5,0.4963898916967509,0.16836007731647928,0.2370755530609532,1662
KD,31,all,0.8,0.7851985559566786,0.8199751654605195,0.2370755530609532,1662
KD,31,all,0.9,0.8880866425992779,1.171714339052742,0.2370755530609532,1662
KD,31,all,0.95,0.9380264741275571,1.571864455141544,0.2370755530609532,1662
EC50,13,00_zero,0.5,0.5377358490566038,1.0883342314298652,0.63866753307087,318
EC50,13,00_zero,0.8,0.839622641509434,2.596706677231682,0.63866753307087,318
EC50,13,00_zero,0.9,0.9559748427672956,3.8619977805164143,0.63866753307087,318
EC50,13,00_zero,0.95,0.9968553459119497,5.040976176915982,0.63866753307087,318
EC50,13,01_1-4,0.5,0.611764705882353,0.3993503086512824,0.29072769729314113,170
EC50,13,01_1-4,0.8,0.8705882352941177,1.3328708859012544,0.29072769729314113,170
EC50,13,01_1-4,0.9,0.9294117647058824,1.9980837563094855,0.29072769729314113,170
EC50,13,01_1-4,0.95,0.9411764705882353,2.86273416438177,0.29072769729314113,170
EC50,13,02_5-9,0.5,0.5133333333333333,0.1983287759111958,0.1828152938796984,150
EC50,13,02_5-9,0.8,0.86,0.7656114482708132,0.1828152938796984,150
EC50,13,02_5-9,0.9,0.9066666666666666,1.0457703931618947,0.1828152938796984,150
EC50,13,02_5-9,0.95,0.94,1.4731160257222637,0.1828152938796984,150
EC50,13,03_10-29,0.5,0.5708860759493671,0.386507470786297,0.24180843166497099,1580
EC50,13,03_10-29,0.8,0.8544303797468354,0.9724824062510335,0.24180843166497099,1580
EC50,13,03_10-29,0.9,0.9411392405063291,1.473714758036264,0.24180843166497099,1580
EC50,13,03_10-29,0.95,0.9822784810126582,2.357933283527787,0.24180843166497099,1580
EC50,13,04_30plus,0.5,0.5099177552007741,0.001102184024787789,0.03589660060181846,4134
EC50,13,04_30plus,0.8,0.7960812772133526,0.008749548980949484,0.03589660060181846,4134
EC50,13,04_30plus,0.9,0.8913884857281084,0.04920729912265287,0.03589660060181846,4134
EC50,13,04_30plus,0.95,0.947992259313014,0.3193459894109445,0.03589660060181846,4134
EC50,13,all,0.5,0.5799748110831234,0.010850946519955329,0.12758125740820167,6352
EC50,13,all,0.8,0.8647670025188917,0.5918496890132777,0.12758125740820167,6352
EC50,13,all,0.9,0.9403337531486146,1.198883166064032,0.12758125740820167,6352
EC50,13,all,0.95,0.9743387909319899,1.985825478971668,0.12758125740820167,6352
EC50,17,00_zero,0.5,0.5528771384136858,0.95666264271172,0.5496659307630114,1286
EC50,17,00_zero,0.8,0.9066874027993779,2.3836909410716887,0.5496659307630114,1286
EC50,17,00_zero,0.9,0.9828926905132193,3.4488669823793097,0.5496659307630114,1286
EC50,17,00_zero,0.95,0.9891135303265941,4.409106005151549,0.5496659307630114,1286
EC50,17,01_1-4,0.5,0.2388888888888889,0.15907077630073907,0.5787942993907029,360
EC50,17,01_1-4,0.8,0.45555555555555555,0.5785863876414012,0.5787942993907029,360
EC50,17,01_1-4,0.9,0.8944444444444445,2.7327998130953297,0.5787942993907029,360
EC50,17,01_1-4,0.95,0.9583333333333334,3.409726684638449,0.5787942993907029,360
EC50,17,02_5-9,0.5,0.45081967213114754,0.17423331724182134,0.17656392591163225,122
EC50,17,02_5-9,0.8,0.6967213114754098,0.42196001273517325,0.17656392591163225,122
EC50,17,02_5-9,0.9,0.8360655737704918,0.7339631369867456,0.17656392591163225,122
EC50,17,02_5-9,0.95,0.9262295081967213,1.0424191801249574,0.17656392591163225,122
EC50,17,03_10-29,0.5,0.5070785070785071,0.33282701126625724,0.2785174539350487,1554
EC50,17,03_10-29,0.8,0.7940797940797941,0.8659789518974181,0.2785174539350487,1554
EC50,17,03_10-29,0.9,0.8931788931788932,1.2781914571675428,0.2785174539350487,1554
EC50,17,03_10-29,0.95,0.9498069498069498,1.8077683478641886,0.2785174539350487,1554
EC50,17,04_30plus,0.5,0.5216733870967742,0.0007629420114989571,0.02549829496116781,3968
EC50,17,04_30plus,0.8,0.8029233870967742,0.01186349946316767,0.02549829496116781,3968
EC50,17,04_30plus,0.9,0.9065020161290323,0.06802996451328625,0.02549829496116781,3968
EC50,17,04_30plus,0.95,0.9579133064516129,0.4154784794022617,0.02549829496116781,3968
EC50,17,all,0.5,0.4196159122085048,0.005553061881705901,0.2017517821020692,7290
EC50,17,all,0.8,0.720713305898491,0.40771483531972663,0.2017517821020692,7290
EC50,17,all,0.9,0.8316872427983539,0.8575911970675154,0.2017517821020692,7290
EC50,17,all,0.95,0.9141289437585733,1.4587008149826213,0.2017517821020692,7290
EC50,23,00_zero,0.5,0.3611111111111111,0.96998734358331,1.1414100491780972,252
EC50,23,00_zero,0.8,0.6666666666666666,2.5780355160090327,1.1414100491780972,252
EC50,23,00_zero,0.9,0.7777777777777778,3.801844049987765,1.1414100491780972,252
EC50,23,00_zero,0.95,0.8531746031746031,5.158335524592369,1.1414100491780972,252
EC50,23,01_1-4,0.5,0.30120481927710846,0.2437134975195523,0.47066100967949104,332
EC50,23,01_1-4,0.8,0.6204819277108434,0.8979002620469814,0.47066100967949104,332
EC50,23,01_1-4,0.9,0.8072289156626506,1.6545602019710408,0.47066100967949104,332
EC50,23,01_1-4,0.95,0.9397590361445783,2.7796015399131164,0.47066100967949104,332
EC50,23,02_5-9,0.5,0.5333333333333333,0.132393048575846,0.10128966632783618,90
EC50,23,02_5-9,0.8,0.7555555555555555,0.3490796659629929,0.10128966632783618,90
EC50,23,02_5-9,0.9,0.8888888888888888,0.49566822001172994,0.10128966632783618,90
EC50,23,02_5-9,0.95,0.9888888888888889,0.9759713975158815,0.10128966632783618,90
EC50,23,03_10-29,0.5,0.4469525959367946,0.30187017846474795,0.3128073006221839,1772
EC50,23,03_10-29,0.8,0.7624153498871332,0.8487421381695158,0.3128073006221839,1772
EC50,23,03_10-29,0.9,0.8860045146726863,1.2600119631528128,0.3128073006221839,1772
EC50,23,03_10-29,0.95,0.9424379232505643,1.7815336160918305,0.3128073006221839,1772
EC50,23,04_30plus,0.5,0.5585247349823321,0.0007369292948098405,0.027674756272382917,4528
EC50,23,04_30plus,0.8,0.8458480565371025,0.013650886991911193,0.027674756272382917,4528
EC50,23,04_30plus,0.9,0.928666077738516,0.07322921234417379,0.027674756272382917,4528
EC50,23,04_30plus,0.95,0.9582597173144877,0.3999999999999915,0.027674756272382917,4528
EC50,23,all,0.5,0.5593633495841698,0.006452625991395067,0.1624056052021561,6974
EC50,23,all,0.8,0.8024089475193577,0.4246429585776976,0.1624056052021561,6974
EC50,23,all,0.9,0.8986234585603671,0.9396600338759189,0.1624056052021561,6974
EC50,23,all,0.95,0.9479495268138801,1.5754486786290904,0.1624056052021561,6974
EC50,29,00_zero,0.5,0.39322033898305087,0.7799245373984949,0.6448783952589937,590
EC50,29,00_zero,0.8,0.6983050847457627,1.698795505398941,0.6448783952589937,590
EC50,29,00_zero,0.9,0.8813559322033898,2.413548667899077,0.6448783952589937,590
EC50,29,00_zero,0.95,0.9423728813559322,2.9460727943091216,0.6448783952589937,590
EC50,29,01_1-4,0.5,0.26732673267326734,0.13859150768563833,0.5897001439163939,404
EC50,29,01_1-4,0.8,0.6237623762376238,0.8587783550980219,0.5897001439163939,404
EC50,29,01_1-4,0.9,0.7326732673267327,1.457830290675041,0.5897001439163939,404
EC50,29,01_1-4,0.95,0.7722772277227723,1.785689607697358,0.5897001439163939,404
EC50,29,02_5-9,0.5,0.6056338028169014,0.25557847902614306,0.237309342825777,142
EC50,29,02_5-9,0.8,0.8169014084507042,0.737535369355592,0.237309342825777,142
EC50,29,02_5-9,0.9,0.8661971830985915,1.236581539781839,0.237309342825777,142
EC50,29,02_5-9,0.95,0.9154929577464789,1.8568138828366951,0.237309342825777,142
EC50,29,03_10-29,0.5,0.45730994152046783,0.33103998909256305,0.31377658374926903,1710
EC50,29,03_10-29,0.8,0.8105263157894737,0.9235985394796381,0.31377658374926903,1710
EC50,29,03_10-29,0.9,0.908187134502924,1.410999400420714,0.31377658374926903,1710
EC50,29,03_10-29,0.95,0.947953216374269,2.025350126462398,0.31377658374926903,1710
EC50,29,04_30plus,0.5,0.47095332671300894,0.0003454848542183697,0.032944617687246755,4028
EC50,29,04_30plus,0.8,0.7514895729890765,0.008897640359307957,0.032944617687246755,4028
EC50,29,04_30plus,0.9,0.8758689175769613,0.061019568975770794,0.032944617687246755,4028
EC50,29,04_30plus,0.95,0.9282522343594836,0.20689655172413346,0.032944617687246755,4028
EC50,29,all,0.5,0.41620599359906896,0.00199554066112384,0.19227144548760108,6874
EC50,29,all,0.8,0.7315973232470178,0.36264604288461416,0.19227144548760108,6874
EC50,29,all,0.9,0.8599068955484435,0.8450514277521177,0.19227144548760108,6874
EC50,29,all,0.95,0.9205702647657841,1.3957891726464682,0.19227144548760108,6874
EC50,31,00_zero,0.5,0.6,0.9592818223559947,0.5422937048845996,780
EC50,31,00_zero,0.8,0.8269230769230769,1.8312152019386683,0.5422937048845996,780
EC50,31,00_zero,0.9,0.8730769230769231,2.244351966960962,0.5422937048845996,780
EC50,31,00_zero,0.95,0.9141025641025641,2.628373072858208,0.5422937048845996,780
EC50,31,01_1-4,0.5,0.5420560747663551,0.4230792920089943,0.361965420538736,214
EC50,31,01_1-4,0.8,0.8504672897196262,1.6677763035574302,0.361965420538736,214
EC50,31,01_1-4,0.9,0.9626168224299065,2.5463992599574574,0.361965420538736,214
EC50,31,01_1-4,0.95,0.9719626168224299,3.120577621231517,0.361965420538736,214
EC50,31,02_5-9,0.5,0.45,0.27109280254385304,0.17740217708651093,160
EC50,31,02_5-9,0.8,0.8,0.5348091181146742,0.17740217708651093,160
EC50,31,02_5-9,0.9,0.9,0.7620948668848142,0.17740217708651093,160
EC50,31,02_5-9,0.95,0.975,1.0030466501872644,0.17740217708651093,160
EC50,31,03_10-29,0.5,0.5115995115995116,0.37251523140799403,0.2575725806438428,1638
EC50,31,03_10-29,0.8,0.8406593406593407,0.9712495322000778,0.2575725806438428,1638
EC50,31,03_10-29,0.9,0.9352869352869353,1.3940556392684398,0.2575725806438428,1638
EC50,31,03_10-29,0.95,0.974969474969475,2.053588253210256,0.2575725806438428,1638
EC50,31,04_30plus,0.5,0.5031476997578692,0.00036818714994346635,0.030566727923601305,4130
EC50,31,04_30plus,0.8,0.7794188861985473,0.007886004342466186,0.030566727923601305,4130
EC50,31,04_30plus,0.9,0.8929782082324456,0.038773014641859796,0.030566727923601305,4130
EC50,31,04_30plus,0.95,0.936319612590799,0.2247630117534924,0.030566727923601305,4130
EC50,31,all,0.5,0.5190696330540306,0.010639581348659277,0.15558776532190216,6922
EC50,31,all,0.8,0.8277954348454204,0.6004154902435624,0.15558776532190216,6922
EC50,31,all,0.9,0.9286333429644611,1.2081826197117642,0.15558776532190216,6922
EC50,31,all,0.95,0.9653279399017625,1.8808662372462912,0.15558776532190216,6922
